row_id,source,date,test_name,dtype_in,dtype_out,size,num_vcores,num_dies,partition,run_type,category,vcore_mhz,start_cycle,end_cycle,total_cycles,kernel_prolog_marker,warmup_cycles,meas_vs_warmup_ratio,file_path,parsed_at
e7861a354491a1c9,pldm,2026-05-23,add_bf16_bf16,bf16,bf16,1024,1,1,1,unknown,elementwise,1200,848,1637,789,913,,,/home/shay.levy/traces/vcd_traces/pldm/20260523/py_asm_add_bf16_bf16_1024_num_vcores_1_partition_1.vcd,2026-06-07T14:37:32+00:00
49cccacceada67ae,pldm,2026-05-23,add_bf16_bf16,bf16,bf16,1024,32,1,1,unknown,elementwise,1200,749,1703,954,812,,,/home/shay.levy/traces/vcd_traces/pldm/20260523/py_asm_add_bf16_bf16_1024_num_vcores_32_partition_1.vcd,2026-06-07T14:37:32+00:00
dc5af63b6fa8b606,pldm,2026-05-23,cast_down_bf16_bf16,bf16,bf16,1024,1,1,1,unknown,cast,1200,550,1388,837,612,,,/home/shay.levy/traces/vcd_traces/pldm/20260523/py_asm_cast_down_bf16_bf16_1024_num_vcores_1_partition_1.vcd,2026-06-07T14:37:32+00:00
0a5cf3a5a4e9c456,pldm,2026-05-23,cast_down_bf16_bf16,bf16,bf16,1024,32,1,1,unknown,cast,1200,649,2054,1406,712,,,/home/shay.levy/traces/vcd_traces/pldm/20260523/py_asm_cast_down_bf16_bf16_1024_num_vcores_32_partition_1.vcd,2026-06-07T14:37:32+00:00
bfea69cbba4d8092,pldm,2026-05-23,cast_mxfp8_bf16_bf16,bf16,bf16,1024,1,1,1,unknown,cast,1200,500,2730,2230,567,,,/home/shay.levy/traces/vcd_traces/pldm/20260523/py_asm_cast_mxfp8_bf16_bf16_1024_num_vcores_1_partition_1.vcd,2026-06-07T14:37:32+00:00
d8a676c90e127b4f,pldm,2026-05-23,cast_mxfp8_bf16_bf16,bf16,bf16,1024,32,1,1,unknown,cast,1200,642,3547,2905,711,,,/home/shay.levy/traces/vcd_traces/pldm/20260523/py_asm_cast_mxfp8_bf16_bf16_1024_num_vcores_32_partition_1.vcd,2026-06-07T14:37:32+00:00
20c535d1cba10aa8,pldm,2026-05-23,cast_up_fp32_fp32,fp32,fp32,1024,1,1,1,unknown,cast,1200,519,1356,837,583,,,/home/shay.levy/traces/vcd_traces/pldm/20260523/py_asm_cast_up_fp32_fp32_1024_num_vcores_1_partition_1.vcd,2026-06-07T14:37:32+00:00
be24fa0257727d91,pldm,2026-05-23,cast_up_fp32_fp32,fp32,fp32,1024,32,1,1,unknown,cast,1200,601,1624,1023,663,,,/home/shay.levy/traces/vcd_traces/pldm/20260523/py_asm_cast_up_fp32_fp32_1024_num_vcores_32_partition_1.vcd,2026-06-07T14:37:32+00:00
19a9a35b1a7f1522,pldm,2026-05-23,clamp_fp32_fp32,fp32,fp32,1024,1,1,1,unknown,elementwise,1200,975,2291,1316,1055,,,/home/shay.levy/traces/vcd_traces/pldm/20260523/py_asm_clamp_fp32_fp32_1024_num_vcores_1_partition_1.vcd,2026-06-07T14:37:32+00:00
737f6f80bcc05aea,pldm,2026-05-23,clamp_fp32_fp32,fp32,fp32,1024,32,1,1,unknown,elementwise,1200,972,4187,3215,1048,,,/home/shay.levy/traces/vcd_traces/pldm/20260523/py_asm_clamp_fp32_fp32_1024_num_vcores_32_partition_1.vcd,2026-06-07T14:37:32+00:00
75177c0a53b83692,pldm,2026-05-23,exp_fp32_fp32,fp32,fp32,1024,1,1,1,unknown,elementwise,1200,573,1525,952,633,,,/home/shay.levy/traces/vcd_traces/pldm/20260523/py_asm_exp_fp32_fp32_1024_num_vcores_1_partition_1.vcd,2026-06-07T14:37:32+00:00
5a917da0b18b1748,pldm,2026-05-23,exp_fp32_fp32,fp32,fp32,64,1,1,1,unknown,elementwise,1200,595,1082,487,,,,/home/shay.levy/traces/vcd_traces/pldm/20260523/py_asm_exp_fp32_fp32_64_num_vcores_1_partition_1.vcd,2026-06-07T14:37:32+00:00
7a6ad4f6a92633ad,pldm,2026-05-23,exp_fp32_fp32,fp32,fp32,1024,16,1,1,unknown,elementwise,1200,634,2297,1663,,,,/home/shay.levy/traces/vcd_traces/pldm/20260523/py_asm_exp_fp32_fp32_1024_num_vcores_16_partition_1.vcd,2026-06-07T14:37:32+00:00
380b3d1e0e9fdaf8,pldm,2026-05-23,exp_fp32_fp32,fp32,fp32,64,16,1,1,unknown,elementwise,1200,783,1471,688,,,,/home/shay.levy/traces/vcd_traces/pldm/20260523/py_asm_exp_fp32_fp32_64_num_vcores_16_partition_1.vcd,2026-06-07T14:37:32+00:00
d1ca21e64e26d40b,pldm,2026-05-23,exp_fp32_fp32,fp32,fp32,1024,32,1,1,unknown,elementwise,1200,610,3639,3029,671,,,/home/shay.levy/traces/vcd_traces/pldm/20260523/py_asm_exp_fp32_fp32_1024_num_vcores_32_partition_1.vcd,2026-06-07T14:37:32+00:00
22ad9115e3670c2b,pldm,2026-05-23,exp_fp32_fp32,fp32,fp32,64,32,1,1,unknown,elementwise,1200,697,1382,685,,,,/home/shay.levy/traces/vcd_traces/pldm/20260523/py_asm_exp_fp32_fp32_64_num_vcores_32_partition_1.vcd,2026-06-07T14:37:32+00:00
35d9072b607735e6,pldm,2026-05-23,exp_fp32_fp32,fp32,fp32,1024,8,1,1,unknown,elementwise,1200,827,1722,895,,,,/home/shay.levy/traces/vcd_traces/pldm/20260523/py_asm_exp_fp32_fp32_1024_num_vcores_8_partition_1.vcd,2026-06-07T14:37:32+00:00
42dc0a3309667cc1,pldm,2026-05-23,exp_fp32_fp32,fp32,fp32,64,8,1,1,unknown,elementwise,1200,446,992,547,,,,/home/shay.levy/traces/vcd_traces/pldm/20260523/py_asm_exp_fp32_fp32_64_num_vcores_8_partition_1.vcd,2026-06-07T14:37:32+00:00
76659e8562716a39,pldm,2026-05-23,memcpy_fp32_local_fp32,fp32,fp32,1024,1,1,1,unknown,memory,1200,570,1463,893,632,,,/home/shay.levy/traces/vcd_traces/pldm/20260523/py_asm_memcpy_fp32_local_fp32_1024_num_vcores_1_partition_1.vcd,2026-06-07T14:37:32+00:00
8b6ed0b4ff749eee,pldm,2026-05-23,memcpy_fp32_local_fp32,fp32,fp32,1024,32,1,1,unknown,memory,1200,633,1836,1203,697,,,/home/shay.levy/traces/vcd_traces/pldm/20260523/py_asm_memcpy_fp32_local_fp32_1024_num_vcores_32_partition_1.vcd,2026-06-07T14:37:32+00:00
8385c4ca11be2917,pldm,2026-05-23,mul_bf16_bf16,bf16,bf16,1024,1,1,1,unknown,elementwise,1200,842,1834,992,905,,,/home/shay.levy/traces/vcd_traces/pldm/20260523/py_asm_mul_bf16_bf16_1024_num_vcores_1_partition_1.vcd,2026-06-07T14:37:32+00:00
b775f4fa71a209a2,pldm,2026-05-23,mul_bf16_bf16,bf16,bf16,1024,32,1,1,unknown,elementwise,1200,710,2009,1300,772,,,/home/shay.levy/traces/vcd_traces/pldm/20260523/py_asm_mul_bf16_bf16_1024_num_vcores_32_partition_1.vcd,2026-06-07T14:37:32+00:00
c500723756062938,pldm,2026-05-23,rmsnorm_bf16_bf16,bf16,bf16,8,1,1,1,unknown,normalization,1200,1258,7350,6092,1328,,,/home/shay.levy/traces/vcd_traces/pldm/20260523/py_asm_rmsnorm_bf16_bf16_8_num_vcores_1_partition_1.vcd,2026-06-07T14:37:32+00:00
9e6fef95f398b46c,pldm,2026-05-23,rmsnorm_bf16_bf16,bf16,bf16,8,32,1,1,unknown,normalization,1200,1281,7396,6115,1350,,,/home/shay.levy/traces/vcd_traces/pldm/20260523/py_asm_rmsnorm_bf16_bf16_8_num_vcores_32_partition_1.vcd,2026-06-07T14:37:32+00:00
e623962ed5fbfd36,pldm,2026-05-23,rsqrt_fp32_fp32,fp32,fp32,1024,1,1,1,unknown,elementwise,1200,862,4055,3194,923,,,/home/shay.levy/traces/vcd_traces/pldm/20260523/py_asm_rsqrt_fp32_fp32_1024_num_vcores_1_partition_1.vcd,2026-06-07T14:37:32+00:00
3beff92c5be27479,pldm,2026-05-23,rsqrt_fp32_fp32,fp32,fp32,1024,32,1,1,unknown,elementwise,1200,590,4283,3693,653,,,/home/shay.levy/traces/vcd_traces/pldm/20260523/py_asm_rsqrt_fp32_fp32_1024_num_vcores_32_partition_1.vcd,2026-06-07T14:37:32+00:00
63381897438aa827,pldm,2026-05-23,silu_bf16_bf16,bf16,bf16,1024,1,1,1,unknown,elementwise,1200,641,8833,8192,702,,,/home/shay.levy/traces/vcd_traces/pldm/20260523/py_asm_silu_bf16_bf16_1024_num_vcores_1_partition_1.vcd,2026-06-07T14:37:32+00:00
973e5e8730f2a28e,pldm,2026-05-23,silu_bf16_bf16,bf16,bf16,1024,32,1,1,unknown,elementwise,1200,820,9096,8276,885,,,/home/shay.levy/traces/vcd_traces/pldm/20260523/py_asm_silu_bf16_bf16_1024_num_vcores_32_partition_1.vcd,2026-06-07T14:37:32+00:00
1ea12ec60a6026f2,pldm,2026-05-23,softmax_fp32_fp32,fp32,fp32,32,1,1,1,unknown,normalization,1200,1358,2402,1044,1423,,,/home/shay.levy/traces/vcd_traces/pldm/20260523/py_asm_softmax_fp32_fp32_32_num_vcores_1_partition_1.vcd,2026-06-07T14:37:32+00:00
41106657fa480161,pldm,2026-05-23,softmax_fp32_fp32,fp32,fp32,32,32,1,1,unknown,normalization,1200,1543,4924,3381,1612,,,/home/shay.levy/traces/vcd_traces/pldm/20260523/py_asm_softmax_fp32_fp32_32_num_vcores_32_partition_1.vcd,2026-06-07T14:37:32+00:00
cb2d73df16ae232e,pldm,2026-05-23,sub_bf16_bf16,bf16,bf16,1024,1,1,1,unknown,elementwise,1200,615,1608,993,678,,,/home/shay.levy/traces/vcd_traces/pldm/20260523/py_asm_sub_bf16_bf16_1024_num_vcores_1_partition_1.vcd,2026-06-07T14:37:32+00:00
49f42797f5b41818,pldm,2026-05-23,sub_bf16_bf16,bf16,bf16,1024,32,1,1,unknown,elementwise,1200,728,1814,1087,790,,,/home/shay.levy/traces/vcd_traces/pldm/20260523/py_asm_sub_bf16_bf16_1024_num_vcores_32_partition_1.vcd,2026-06-07T14:37:32+00:00
ac9a1686c96558e2,pldm,2026-05-23,transpose_bf16_bf16,bf16,bf16,32,1,1,1,unknown,elementwise,1200,477,1146,669,536,,,/home/shay.levy/traces/vcd_traces/pldm/20260523/py_asm_transpose_bf16_bf16_32_num_vcores_1_partition_1.vcd,2026-06-07T14:37:32+00:00
64da4c900603b5c0,pldm,2026-05-23,transpose_bf16_bf16,bf16,bf16,32,32,1,1,unknown,elementwise,1200,722,1396,674,781,,,/home/shay.levy/traces/vcd_traces/pldm/20260523/py_asm_transpose_bf16_bf16_32_num_vcores_32_partition_1.vcd,2026-06-07T14:37:32+00:00
39499566a742c336,pldm,2026-06-08,add_bf16_bf16,bf16,bf16,1024,1,1,1,unknown,elementwise,1200,848,1637,789,913,,,/home/shay.levy/traces/vcd_traces/pldm/20260608/py_asm_add_bf16_bf16_1024_num_vcores_1_partition_1.vcd,2026-06-08T05:39:14+00:00
7c20458ba16c5817,pldm,2026-06-08,add_bf16_bf16,bf16,bf16,1024,32,1,1,unknown,elementwise,1200,749,1703,954,812,,,/home/shay.levy/traces/vcd_traces/pldm/20260608/py_asm_add_bf16_bf16_1024_num_vcores_32_partition_1.vcd,2026-06-08T05:39:14+00:00
5c0265dfd2520123,pldm,2026-06-08,cast_down_bf16_bf16,bf16,bf16,1024,1,1,1,unknown,cast,1200,550,1388,837,612,,,/home/shay.levy/traces/vcd_traces/pldm/20260608/py_asm_cast_down_bf16_bf16_1024_num_vcores_1_partition_1.vcd,2026-06-08T05:39:14+00:00
dbb7ba8e8bc07a21,pldm,2026-06-08,cast_down_bf16_bf16,bf16,bf16,1024,32,1,1,unknown,cast,1200,649,2054,1406,712,,,/home/shay.levy/traces/vcd_traces/pldm/20260608/py_asm_cast_down_bf16_bf16_1024_num_vcores_32_partition_1.vcd,2026-06-08T05:39:14+00:00
c8a2ca3537bfc2d2,pldm,2026-06-08,cast_mxfp8_bf16_bf16,bf16,bf16,1024,1,1,1,unknown,cast,1200,500,2730,2230,567,,,/home/shay.levy/traces/vcd_traces/pldm/20260608/py_asm_cast_mxfp8_bf16_bf16_1024_num_vcores_1_partition_1.vcd,2026-06-08T05:39:14+00:00
b7c9483f2af259e8,pldm,2026-06-08,cast_mxfp8_bf16_bf16,bf16,bf16,1024,32,1,1,unknown,cast,1200,642,3547,2905,711,,,/home/shay.levy/traces/vcd_traces/pldm/20260608/py_asm_cast_mxfp8_bf16_bf16_1024_num_vcores_32_partition_1.vcd,2026-06-08T05:39:14+00:00
4a944d37ea977dea,pldm,2026-06-08,cast_up_fp32_fp32,fp32,fp32,1024,1,1,1,unknown,cast,1200,519,1356,837,583,,,/home/shay.levy/traces/vcd_traces/pldm/20260608/py_asm_cast_up_fp32_fp32_1024_num_vcores_1_partition_1.vcd,2026-06-08T05:39:14+00:00
02d7624dbc6363b8,pldm,2026-06-08,cast_up_fp32_fp32,fp32,fp32,1024,32,1,1,unknown,cast,1200,601,1624,1023,663,,,/home/shay.levy/traces/vcd_traces/pldm/20260608/py_asm_cast_up_fp32_fp32_1024_num_vcores_32_partition_1.vcd,2026-06-08T05:39:14+00:00
48f5a3d728830838,pldm,2026-06-08,clamp_fp32_fp32,fp32,fp32,1024,1,1,1,unknown,elementwise,1200,975,2291,1316,1055,,,/home/shay.levy/traces/vcd_traces/pldm/20260608/py_asm_clamp_fp32_fp32_1024_num_vcores_1_partition_1.vcd,2026-06-08T05:39:14+00:00
9cfb54c10489fd47,pldm,2026-06-08,clamp_fp32_fp32,fp32,fp32,1024,32,1,1,unknown,elementwise,1200,972,4187,3215,1048,,,/home/shay.levy/traces/vcd_traces/pldm/20260608/py_asm_clamp_fp32_fp32_1024_num_vcores_32_partition_1.vcd,2026-06-08T05:39:14+00:00
0844d8899b3ba6c6,pldm,2026-06-08,exp_fp32_fp32,fp32,fp32,1024,1,1,1,unknown,elementwise,1200,573,1525,952,633,,,/home/shay.levy/traces/vcd_traces/pldm/20260608/py_asm_exp_fp32_fp32_1024_num_vcores_1_partition_1.vcd,2026-06-08T05:39:14+00:00
e9fdec7675116b76,pldm,2026-06-08,exp_fp32_fp32,fp32,fp32,64,1,1,1,unknown,elementwise,1200,595,1082,487,,,,/home/shay.levy/traces/vcd_traces/pldm/20260608/py_asm_exp_fp32_fp32_64_num_vcores_1_partition_1.vcd,2026-06-08T05:39:14+00:00
91a8303cac2463e4,pldm,2026-06-08,exp_fp32_fp32,fp32,fp32,1024,16,1,1,unknown,elementwise,1200,634,2297,1663,,,,/home/shay.levy/traces/vcd_traces/pldm/20260608/py_asm_exp_fp32_fp32_1024_num_vcores_16_partition_1.vcd,2026-06-08T05:39:14+00:00
54e182294039f0dd,pldm,2026-06-08,exp_fp32_fp32,fp32,fp32,64,16,1,1,unknown,elementwise,1200,783,1471,688,,,,/home/shay.levy/traces/vcd_traces/pldm/20260608/py_asm_exp_fp32_fp32_64_num_vcores_16_partition_1.vcd,2026-06-08T05:39:14+00:00
365fdd5b0d5669bb,pldm,2026-06-08,exp_fp32_fp32,fp32,fp32,1024,32,1,1,unknown,elementwise,1200,610,3639,3029,671,,,/home/shay.levy/traces/vcd_traces/pldm/20260608/py_asm_exp_fp32_fp32_1024_num_vcores_32_partition_1.vcd,2026-06-08T05:39:14+00:00
5e9c98e5d9271f09,pldm,2026-06-08,exp_fp32_fp32,fp32,fp32,64,32,1,1,unknown,elementwise,1200,697,1382,685,,,,/home/shay.levy/traces/vcd_traces/pldm/20260608/py_asm_exp_fp32_fp32_64_num_vcores_32_partition_1.vcd,2026-06-08T05:39:14+00:00
40202e8db1852f48,pldm,2026-06-08,exp_fp32_fp32,fp32,fp32,1024,8,1,1,unknown,elementwise,1200,827,1722,895,,,,/home/shay.levy/traces/vcd_traces/pldm/20260608/py_asm_exp_fp32_fp32_1024_num_vcores_8_partition_1.vcd,2026-06-08T05:39:14+00:00
36be555fdb9bf592,pldm,2026-06-08,exp_fp32_fp32,fp32,fp32,64,8,1,1,unknown,elementwise,1200,446,992,547,,,,/home/shay.levy/traces/vcd_traces/pldm/20260608/py_asm_exp_fp32_fp32_64_num_vcores_8_partition_1.vcd,2026-06-08T05:39:14+00:00
7e67cd033ba3a25d,pldm,2026-06-08,memcpy_fp32_local_fp32,fp32,fp32,1024,1,1,1,unknown,memory,1200,570,1463,893,632,,,/home/shay.levy/traces/vcd_traces/pldm/20260608/py_asm_memcpy_fp32_local_fp32_1024_num_vcores_1_partition_1.vcd,2026-06-08T05:39:14+00:00
179374f1b9256f06,pldm,2026-06-08,memcpy_fp32_local_fp32,fp32,fp32,1024,32,1,1,unknown,memory,1200,633,1836,1203,697,,,/home/shay.levy/traces/vcd_traces/pldm/20260608/py_asm_memcpy_fp32_local_fp32_1024_num_vcores_32_partition_1.vcd,2026-06-08T05:39:14+00:00
3296b5c71b77aaf2,pldm,2026-06-08,mul_bf16_bf16,bf16,bf16,1024,1,1,1,unknown,elementwise,1200,842,1834,992,905,,,/home/shay.levy/traces/vcd_traces/pldm/20260608/py_asm_mul_bf16_bf16_1024_num_vcores_1_partition_1.vcd,2026-06-08T05:39:14+00:00
44bf31b48e7a414f,pldm,2026-06-08,mul_bf16_bf16,bf16,bf16,1024,32,1,1,unknown,elementwise,1200,710,2009,1300,772,,,/home/shay.levy/traces/vcd_traces/pldm/20260608/py_asm_mul_bf16_bf16_1024_num_vcores_32_partition_1.vcd,2026-06-08T05:39:14+00:00
fa53bec1d3cdc2e8,pldm,2026-06-08,rmsnorm_bf16_bf16,bf16,bf16,8,1,1,1,unknown,normalization,1200,1258,7350,6092,1328,,,/home/shay.levy/traces/vcd_traces/pldm/20260608/py_asm_rmsnorm_bf16_bf16_8_num_vcores_1_partition_1.vcd,2026-06-08T05:39:14+00:00
fb3546bfdca1d0aa,pldm,2026-06-08,rmsnorm_bf16_bf16,bf16,bf16,8,32,1,1,unknown,normalization,1200,1281,7396,6115,1350,,,/home/shay.levy/traces/vcd_traces/pldm/20260608/py_asm_rmsnorm_bf16_bf16_8_num_vcores_32_partition_1.vcd,2026-06-08T05:39:14+00:00
7a21a8ffdf25706e,pldm,2026-06-08,rsqrt_fp32_fp32,fp32,fp32,1024,1,1,1,unknown,elementwise,1200,862,4055,3194,923,,,/home/shay.levy/traces/vcd_traces/pldm/20260608/py_asm_rsqrt_fp32_fp32_1024_num_vcores_1_partition_1.vcd,2026-06-08T05:39:14+00:00
357438fb317b15fc,pldm,2026-06-08,rsqrt_fp32_fp32,fp32,fp32,1024,32,1,1,unknown,elementwise,1200,590,4283,3693,653,,,/home/shay.levy/traces/vcd_traces/pldm/20260608/py_asm_rsqrt_fp32_fp32_1024_num_vcores_32_partition_1.vcd,2026-06-08T05:39:14+00:00
19b93a598f7f91dd,pldm,2026-06-08,silu_bf16_bf16,bf16,bf16,1024,1,1,1,unknown,elementwise,1200,641,8833,8192,702,,,/home/shay.levy/traces/vcd_traces/pldm/20260608/py_asm_silu_bf16_bf16_1024_num_vcores_1_partition_1.vcd,2026-06-08T05:39:14+00:00
e4957274e32fcbd4,pldm,2026-06-08,silu_bf16_bf16,bf16,bf16,1024,32,1,1,unknown,elementwise,1200,820,9096,8276,885,,,/home/shay.levy/traces/vcd_traces/pldm/20260608/py_asm_silu_bf16_bf16_1024_num_vcores_32_partition_1.vcd,2026-06-08T05:39:14+00:00
71aa6dd832091265,pldm,2026-06-08,softmax_fp32_fp32,fp32,fp32,32,1,1,1,unknown,normalization,1200,1358,2402,1044,1423,,,/home/shay.levy/traces/vcd_traces/pldm/20260608/py_asm_softmax_fp32_fp32_32_num_vcores_1_partition_1.vcd,2026-06-08T05:39:14+00:00
4c52c8b3003f1348,pldm,2026-06-08,softmax_fp32_fp32,fp32,fp32,32,32,1,1,unknown,normalization,1200,1543,4924,3381,1612,,,/home/shay.levy/traces/vcd_traces/pldm/20260608/py_asm_softmax_fp32_fp32_32_num_vcores_32_partition_1.vcd,2026-06-08T05:39:14+00:00
197079cae7222fe7,pldm,2026-06-08,sub_bf16_bf16,bf16,bf16,1024,1,1,1,unknown,elementwise,1200,615,1608,993,678,,,/home/shay.levy/traces/vcd_traces/pldm/20260608/py_asm_sub_bf16_bf16_1024_num_vcores_1_partition_1.vcd,2026-06-08T05:39:14+00:00
2a63834e3aa77c88,pldm,2026-06-08,sub_bf16_bf16,bf16,bf16,1024,32,1,1,unknown,elementwise,1200,728,1814,1087,790,,,/home/shay.levy/traces/vcd_traces/pldm/20260608/py_asm_sub_bf16_bf16_1024_num_vcores_32_partition_1.vcd,2026-06-08T05:39:14+00:00
a117dc1cb9ae5ce0,pldm,2026-06-08,transpose_bf16_bf16,bf16,bf16,32,1,1,1,unknown,elementwise,1200,477,1146,669,536,,,/home/shay.levy/traces/vcd_traces/pldm/20260608/py_asm_transpose_bf16_bf16_32_num_vcores_1_partition_1.vcd,2026-06-08T05:39:14+00:00
658eee674f017046,pldm,2026-06-08,transpose_bf16_bf16,bf16,bf16,32,32,1,1,unknown,elementwise,1200,722,1396,674,781,,,/home/shay.levy/traces/vcd_traces/pldm/20260608/py_asm_transpose_bf16_bf16_32_num_vcores_32_partition_1.vcd,2026-06-08T05:39:14+00:00
fc281a8eb33b320f,pldm,2026-06-08,vme_16tile_bf16,,bf16,1,,1,,unknown,vme,1200,931,9453,8522,968,,,/home/shay.levy/traces/vcd_traces/pldm/20260608/py_asm_vme_16tile_bf16_1.vcd,2026-06-08T05:40:24+00:00
db7751d6e86e6e03,pldm,2026-06-08,vme_1tile_bf16,,bf16,1,,1,,unknown,vme,1200,852,1913,1061,900,,,/home/shay.levy/traces/vcd_traces/pldm/20260608/py_asm_vme_1tile_bf16_1.vcd,2026-06-08T05:40:24+00:00
c41b18b4c9152b94,pldm,2026-06-08,vme_1tile_cd8192_bf16,,bf16,1,,1,,unknown,vme,1200,722,2080,1358,773,,,/home/shay.levy/traces/vcd_traces/pldm/20260608/py_asm_vme_1tile_cd8192_bf16_1.vcd,2026-06-08T05:40:24+00:00
ecbb6327646906ec,pldm,2026-06-08,vme_32tile_2vxm_bf16,,bf16,1,,1,,unknown,vme,1200,845,12488,11643,896,,,/home/shay.levy/traces/vcd_traces/pldm/20260608/py_asm_vme_32tile_2vxm_bf16_1.vcd,2026-06-08T05:40:24+00:00
a96b249c94c1a285,pldm,2026-06-08,vme_32tile_2vxm_chained_bf16,,bf16,1,,1,,unknown,vme,1200,892,5139,4247,945,,,/home/shay.levy/traces/vcd_traces/pldm/20260608/py_asm_vme_32tile_2vxm_chained_bf16_1.vcd,2026-06-08T05:40:24+00:00
e34ebd92d11412ed,pldm,2026-06-08,vme_32tile_bf16,,bf16,1,,1,,unknown,vme,1200,656,12099,11443,691,,,/home/shay.levy/traces/vcd_traces/pldm/20260608/py_asm_vme_32tile_bf16_1.vcd,2026-06-08T05:40:24+00:00
afc1b72949c1d9f9,pldm,2026-06-08,vme_32tile_chained_bf16,,bf16,1,,1,,unknown,vme,1200,938,3680,2741,990,,,/home/shay.levy/traces/vcd_traces/pldm/20260608/py_asm_vme_32tile_chained_bf16_1.vcd,2026-06-08T05:40:24+00:00
439d1c39e6ccb291,pldm,2026-06-08,vme_32tile_polled_bf16,,bf16,1,,1,,unknown,vme,1200,618,12062,11444,668,,,/home/shay.levy/traces/vcd_traces/pldm/20260608/py_asm_vme_32tile_polled_bf16_1.vcd,2026-06-08T05:40:24+00:00
c89de79b446817b4,pldm,2026-06-08,vme_4act_bf16,,bf16,1,,1,,unknown,vme,1200,634,2035,1401,684,,,/home/shay.levy/traces/vcd_traces/pldm/20260608/py_asm_vme_4act_bf16_1.vcd,2026-06-08T05:40:24+00:00
97b3c66eca207a7d,pldm,2026-06-08,vme_4tile_2vxm_bf16,,bf16,1,,1,,unknown,vme,1200,862,3657,2795,897,,,/home/shay.levy/traces/vcd_traces/pldm/20260608/py_asm_vme_4tile_2vxm_bf16_1.vcd,2026-06-08T05:40:24+00:00
f4247b0659172cca,pldm,2026-06-08,vme_4tile_bf16,,bf16,1,,1,,unknown,vme,1200,659,3184,2525,694,,,/home/shay.levy/traces/vcd_traces/pldm/20260608/py_asm_vme_4tile_bf16_1.vcd,2026-06-08T05:40:24+00:00
80c0a8c39002362f,pldm,2026-06-08,vme_4tile_cd2048_bf16,,bf16,1,,1,,unknown,vme,1200,739,3568,2829,790,,,/home/shay.levy/traces/vcd_traces/pldm/20260608/py_asm_vme_4tile_cd2048_bf16_1.vcd,2026-06-08T05:40:24+00:00
bf16e9b699e6346b,pldm,2026-06-08,vme_4tile_cd512_bf16,,bf16,1,,1,,unknown,vme,1200,663,3276,2613,713,,,/home/shay.levy/traces/vcd_traces/pldm/20260608/py_asm_vme_4tile_cd512_bf16_1.vcd,2026-06-08T05:40:24+00:00
d14c1bac5729006b,pldm,2026-06-08,vme_4tile_cd8192_bf16,,bf16,1,,1,,unknown,vme,1200,770,3827,3058,820,,,/home/shay.levy/traces/vcd_traces/pldm/20260608/py_asm_vme_4tile_cd8192_bf16_1.vcd,2026-06-08T05:40:24+00:00
cd83d230c270fa14,pldm,2026-06-08,vme_4tile_fp8_bf16,fp8,bf16,1,,1,,unknown,vme,1200,734,3275,2541,784,,,/home/shay.levy/traces/vcd_traces/pldm/20260608/py_asm_vme_4tile_fp8_bf16_1.vcd,2026-06-08T05:40:24+00:00
b062caeda615666d,pldm,2026-06-08,vme_4tile_fp8_fp8_e4m3,fp8,fp8,1,,1,,unknown,vme,1200,520,3080,2560,555,,,/home/shay.levy/traces/vcd_traces/pldm/20260608/py_asm_vme_4tile_fp8_fp8_e4m3_1.vcd,2026-06-08T05:40:24+00:00
8e910f84d3693100,pldm,2026-06-08,vme_4tile_large_bf16,,bf16,1,,1,,unknown,vme,1200,897,3407,2510,932,,,/home/shay.levy/traces/vcd_traces/pldm/20260608/py_asm_vme_4tile_large_bf16_1.vcd,2026-06-08T05:40:24+00:00
ebc542a48d558b02,pldm,2026-06-08,vme_4tile_xpose_bf16,,bf16,1,,1,,unknown,vme,1200,948,3305,2357,983,,,/home/shay.levy/traces/vcd_traces/pldm/20260608/py_asm_vme_4tile_xpose_bf16_1.vcd,2026-06-08T05:40:24+00:00
173a00404b195081,pldm,2026-06-08,vme_7tile_bf16,,bf16,1,,1,,unknown,vme,1200,860,4922,4061,896,,,/home/shay.levy/traces/vcd_traces/pldm/20260608/py_asm_vme_7tile_bf16_1.vcd,2026-06-08T05:40:24+00:00
c8cc090f4c198230,pldm,2026-06-08,vme_7tile_polled_bf16,,bf16,1,,1,,unknown,vme,1200,615,4627,4012,650,,,/home/shay.levy/traces/vcd_traces/pldm/20260608/py_asm_vme_7tile_polled_bf16_1.vcd,2026-06-08T05:40:24+00:00
b51c02243de67ee6,pldm,2026-06-08,vme_8tile_bf16,,bf16,1,,1,,unknown,vme,1200,675,5189,4514,710,,,/home/shay.levy/traces/vcd_traces/pldm/20260608/py_asm_vme_8tile_bf16_1.vcd,2026-06-08T05:40:24+00:00
5ec64f45fb0287b3,pldm,2026-06-08,vme_8tile_chained_bf16,,bf16,1,,1,,unknown,vme,1200,699,2004,1305,752,,,/home/shay.levy/traces/vcd_traces/pldm/20260608/py_asm_vme_8tile_chained_bf16_1.vcd,2026-06-08T05:40:24+00:00
652bef6cc0c46e4d,pldm,2026-06-08,vme_8tile_polled_bf16,,bf16,1,,1,,unknown,vme,1200,766,5274,4508,816,,,/home/shay.levy/traces/vcd_traces/pldm/20260608/py_asm_vme_8tile_polled_bf16_1.vcd,2026-06-08T05:40:24+00:00
9efda170e03223dc,pldm,2026-06-08,vme_back2back_bf16,,bf16,1,,1,,unknown,vme,1200,900,2439,1539,934,,,/home/shay.levy/traces/vcd_traces/pldm/20260608/py_asm_vme_back2back_bf16_1.vcd,2026-06-08T05:40:24+00:00
b013c426493bc897,pldm,2026-06-08,vme_mixed_dtype_seq_bf16,,bf16,1,,1,,unknown,vme,1200,687,2490,1803,734,,,/home/shay.levy/traces/vcd_traces/pldm/20260608/py_asm_vme_mixed_dtype_seq_bf16_1.vcd,2026-06-08T05:40:24+00:00
3bf08b732abbeb7d,pldm,2026-06-08,vme_odd_ncd_bf16,,bf16,1,,1,,unknown,vme,1200,740,1765,1024,788,,,/home/shay.levy/traces/vcd_traces/pldm/20260608/py_asm_vme_odd_ncd_bf16_1.vcd,2026-06-08T05:40:24+00:00
9c162ed2a22963c2,sim,2026-05-23,add_bf16_bf16,bf16,bf16,1024,32,1,1,measurement,elementwise,500,473,1399,926,537,926,1.000,/home/shay.levy/traces/vcd_traces/sim/20260523/vcore_r0_t0_c0_d0_v0_asm_add_bf16_bf16_1024_num_vcores_32_partition_1_measurement.vcd,2026-06-07T14:37:32+00:00
be01c50db193ac53,sim,2026-05-23,add_bf16_bf16,bf16,bf16,1024,32,1,1,warmup,elementwise,500,473,1399,926,537,,,/home/shay.levy/traces/vcd_traces/sim/20260523/vcore_r0_t0_c0_d0_v0_asm_add_bf16_bf16_1024_num_vcores_32_partition_1_warmup.vcd,2026-06-07T14:37:32+00:00
47c013afe0be60c0,sim,2026-05-23,add_bf16_bf16,bf16,bf16,1024,8,1,1,measurement,elementwise,500,477,1411,934,549,1007,0.928,/home/shay.levy/traces/vcd_traces/sim/20260523/vcore_r0_t0_c0_d0_v0_asm_add_bf16_bf16_1024_num_vcores_8_partition_1_measurement.vcd,2026-06-07T14:37:32+00:00
b7711c676308990f,sim,2026-05-23,add_bf16_bf16,bf16,bf16,1024,8,1,1,warmup,elementwise,500,902,1909,1007,1047,,,/home/shay.levy/traces/vcd_traces/sim/20260523/vcore_r0_t0_c0_d0_v0_asm_add_bf16_bf16_1024_num_vcores_8_partition_1_warmup.vcd,2026-06-07T14:37:32+00:00
eb9ec7cfe9a0fe84,sim,2026-05-23,cast_down_bf16_bf16,bf16,bf16,1024,32,1,1,measurement,cast,500,410,1319,909,474,996,0.913,/home/shay.levy/traces/vcd_traces/sim/20260523/vcore_r0_t0_c0_d0_v0_asm_cast_down_bf16_bf16_1024_num_vcores_32_partition_1_measurement.vcd,2026-06-07T14:37:32+00:00
753378605df68798,sim,2026-05-23,cast_down_bf16_bf16,bf16,bf16,1024,32,1,1,warmup,cast,500,430,1426,996,581,,,/home/shay.levy/traces/vcd_traces/sim/20260523/vcore_r0_t0_c0_d0_v0_asm_cast_down_bf16_bf16_1024_num_vcores_32_partition_1_warmup.vcd,2026-06-07T14:37:32+00:00
1ceffb2b51ff5031,sim,2026-05-23,cast_mxfp8_bf16_bf16,bf16,bf16,1024,32,1,1,measurement,cast,500,471,2495,2024,547,2138,0.947,/home/shay.levy/traces/vcd_traces/sim/20260523/vcore_r0_t0_c0_d0_v0_asm_cast_mxfp8_bf16_bf16_1024_num_vcores_32_partition_1_measurement.vcd,2026-06-07T14:37:32+00:00
32a1f752a8718993,sim,2026-05-23,cast_mxfp8_bf16_bf16,bf16,bf16,1024,32,1,1,warmup,cast,500,491,2629,2138,681,,,/home/shay.levy/traces/vcd_traces/sim/20260523/vcore_r0_t0_c0_d0_v0_asm_cast_mxfp8_bf16_bf16_1024_num_vcores_32_partition_1_warmup.vcd,2026-06-07T14:37:32+00:00
7c9703193b040493,sim,2026-05-23,cast_up_fp32_fp32,fp32,fp32,1024,32,1,1,measurement,cast,500,410,1096,686,474,773,0.887,/home/shay.levy/traces/vcd_traces/sim/20260523/vcore_r0_t0_c0_d0_v0_asm_cast_up_fp32_fp32_1024_num_vcores_32_partition_1_measurement.vcd,2026-06-07T14:37:32+00:00
c79c155056959b34,sim,2026-05-23,cast_up_fp32_fp32,fp32,fp32,1024,32,1,1,warmup,cast,500,430,1203,773,581,,,/home/shay.levy/traces/vcd_traces/sim/20260523/vcore_r0_t0_c0_d0_v0_asm_cast_up_fp32_fp32_1024_num_vcores_32_partition_1_warmup.vcd,2026-06-07T14:37:32+00:00
83b2f60c7b04e9c8,sim,2026-05-23,clamp_fp32_fp32,fp32,fp32,1024,32,1,1,measurement,elementwise,500,507,1790,1283,587,1326,0.968,/home/shay.levy/traces/vcd_traces/sim/20260523/vcore_r0_t0_c0_d0_v0_asm_clamp_fp32_fp32_1024_num_vcores_32_partition_1_measurement.vcd,2026-06-07T14:37:32+00:00
46fdf15760ed36ed,sim,2026-05-23,clamp_fp32_fp32,fp32,fp32,1024,32,1,1,warmup,elementwise,500,575,1901,1326,731,,,/home/shay.levy/traces/vcd_traces/sim/20260523/vcore_r0_t0_c0_d0_v0_asm_clamp_fp32_fp32_1024_num_vcores_32_partition_1_warmup.vcd,2026-06-07T14:37:32+00:00
35ce54d9ca4ac116,sim,2026-05-23,clamp_fp32_fp32,fp32,fp32,1024,8,1,1,measurement,elementwise,500,510,1794,1284,,1322,0.971,/home/shay.levy/traces/vcd_traces/sim/20260523/vcore_r0_t0_c0_d0_v0_asm_clamp_fp32_fp32_1024_num_vcores_8_partition_1_measurement.vcd,2026-06-07T14:37:32+00:00
5c5ea4702efe1ff2,sim,2026-05-23,clamp_fp32_fp32,fp32,fp32,1024,8,1,1,warmup,elementwise,500,924,2246,1322,,,,/home/shay.levy/traces/vcd_traces/sim/20260523/vcore_r0_t0_c0_d0_v0_asm_clamp_fp32_fp32_1024_num_vcores_8_partition_1_warmup.vcd,2026-06-07T14:37:32+00:00
0337e2765a9158d4,sim,2026-05-23,exp_fp32_fp32,fp32,fp32,1024,32,1,1,measurement,elementwise,500,410,1318,908,473,987,0.920,/home/shay.levy/traces/vcd_traces/sim/20260523/vcore_r0_t0_c0_d0_v0_asm_exp_fp32_fp32_1024_num_vcores_32_partition_1_measurement.vcd,2026-06-07T14:37:32+00:00
3e70b98429020808,sim,2026-05-23,exp_fp32_fp32,fp32,fp32,1024,32,1,1,warmup,elementwise,500,430,1417,987,572,,,/home/shay.levy/traces/vcd_traces/sim/20260523/vcore_r0_t0_c0_d0_v0_asm_exp_fp32_fp32_1024_num_vcores_32_partition_1_warmup.vcd,2026-06-07T14:37:32+00:00
593bbc738c9565c0,sim,2026-05-23,exp_fp32_fp32,fp32,fp32,1024,8,1,1,measurement,elementwise,500,411,1325,914,,1000,0.914,/home/shay.levy/traces/vcd_traces/sim/20260523/vcore_r0_t0_c0_d0_v0_asm_exp_fp32_fp32_1024_num_vcores_8_partition_1_measurement.vcd,2026-06-07T14:37:32+00:00
4437d338a74a6fb9,sim,2026-05-23,exp_fp32_fp32,fp32,fp32,1024,8,1,1,warmup,elementwise,500,855,1855,1000,,,,/home/shay.levy/traces/vcd_traces/sim/20260523/vcore_r0_t0_c0_d0_v0_asm_exp_fp32_fp32_1024_num_vcores_8_partition_1_warmup.vcd,2026-06-07T14:37:32+00:00
4fd1395cfe38a2cf,sim,2026-05-23,memcpy_fp32_local_fp32,fp32,fp32,1024,32,1,1,measurement,memory,500,410,1311,901,474,901,1.000,/home/shay.levy/traces/vcd_traces/sim/20260523/vcore_r0_t0_c0_d0_v0_asm_memcpy_fp32_local_fp32_1024_num_vcores_32_partition_1_measurement.vcd,2026-06-07T14:37:32+00:00
cb9f0f4ce0a3acea,sim,2026-05-23,memcpy_fp32_local_fp32,fp32,fp32,1024,32,1,1,warmup,memory,500,408,1309,901,472,,,/home/shay.levy/traces/vcd_traces/sim/20260523/vcore_r0_t0_c0_d0_v0_asm_memcpy_fp32_local_fp32_1024_num_vcores_32_partition_1_warmup.vcd,2026-06-07T14:37:32+00:00
90b9d437ab76eff4,sim,2026-05-23,memcpy_fp32_local_fp32,fp32,fp32,1024,8,1,1,measurement,memory,500,410,1311,901,474,988,0.912,/home/shay.levy/traces/vcd_traces/sim/20260523/vcore_r0_t0_c0_d0_v0_asm_memcpy_fp32_local_fp32_1024_num_vcores_8_partition_1_measurement.vcd,2026-06-07T14:37:32+00:00
3b7f623efec43af9,sim,2026-05-23,memcpy_fp32_local_fp32,fp32,fp32,1024,8,1,1,warmup,memory,500,428,1416,988,579,,,/home/shay.levy/traces/vcd_traces/sim/20260523/vcore_r0_t0_c0_d0_v0_asm_memcpy_fp32_local_fp32_1024_num_vcores_8_partition_1_warmup.vcd,2026-06-07T14:37:32+00:00
4fecf1f990042083,sim,2026-05-23,mul_bf16_bf16,bf16,bf16,1024,32,1,1,measurement,elementwise,500,473,1399,926,537,926,1.000,/home/shay.levy/traces/vcd_traces/sim/20260523/vcore_r0_t0_c0_d0_v0_asm_mul_bf16_bf16_1024_num_vcores_32_partition_1_measurement.vcd,2026-06-07T14:37:32+00:00
5bd639b036b7dd02,sim,2026-05-23,mul_bf16_bf16,bf16,bf16,1024,32,1,1,warmup,elementwise,500,473,1399,926,537,,,/home/shay.levy/traces/vcd_traces/sim/20260523/vcore_r0_t0_c0_d0_v0_asm_mul_bf16_bf16_1024_num_vcores_32_partition_1_warmup.vcd,2026-06-07T14:37:32+00:00
3fcc618b45b0f3a1,sim,2026-05-23,mul_bf16_bf16,bf16,bf16,1024,8,1,1,measurement,elementwise,500,473,1407,934,545,1012,0.923,/home/shay.levy/traces/vcd_traces/sim/20260523/vcore_r0_t0_c0_d0_v0_asm_mul_bf16_bf16_1024_num_vcores_8_partition_1_measurement.vcd,2026-06-07T14:37:32+00:00
3d14b338f0a8be28,sim,2026-05-23,mul_bf16_bf16,bf16,bf16,1024,8,1,1,warmup,elementwise,500,493,1505,1012,643,,,/home/shay.levy/traces/vcd_traces/sim/20260523/vcore_r0_t0_c0_d0_v0_asm_mul_bf16_bf16_1024_num_vcores_8_partition_1_warmup.vcd,2026-06-07T14:37:32+00:00
5a0d451f592a42f0,sim,2026-05-23,rmsnorm_bf16_bf16,bf16,bf16,8,32,1,1,measurement,normalization,500,474,6394,5920,551,6073,0.975,/home/shay.levy/traces/vcd_traces/sim/20260523/vcore_r0_t0_c0_d0_v0_asm_rmsnorm_bf16_bf16_8_num_vcores_32_partition_1_measurement.vcd,2026-06-07T14:37:32+00:00
cec8c6897167840e,sim,2026-05-23,rmsnorm_bf16_bf16,bf16,bf16,8,32,1,1,warmup,normalization,500,493,6566,6073,652,,,/home/shay.levy/traces/vcd_traces/sim/20260523/vcore_r0_t0_c0_d0_v0_asm_rmsnorm_bf16_bf16_8_num_vcores_32_partition_1_warmup.vcd,2026-06-07T14:37:32+00:00
67f98c2a999e76c2,sim,2026-05-23,rsqrt_fp32_fp32,fp32,fp32,1024,32,1,1,measurement,elementwise,500,410,3406,2996,475,3118,0.961,/home/shay.levy/traces/vcd_traces/sim/20260523/vcore_r0_t0_c0_d0_v0_asm_rsqrt_fp32_fp32_1024_num_vcores_32_partition_1_measurement.vcd,2026-06-07T14:37:32+00:00
c166ceb73f326c2f,sim,2026-05-23,rsqrt_fp32_fp32,fp32,fp32,1024,32,1,1,warmup,elementwise,500,430,3548,3118,617,,,/home/shay.levy/traces/vcd_traces/sim/20260523/vcore_r0_t0_c0_d0_v0_asm_rsqrt_fp32_fp32_1024_num_vcores_32_partition_1_warmup.vcd,2026-06-07T14:37:32+00:00
3854e972d7d7bc0f,sim,2026-05-23,silu_bf16_bf16,bf16,bf16,1024,32,1,1,measurement,elementwise,500,410,8400,7990,475,8079,0.989,/home/shay.levy/traces/vcd_traces/sim/20260523/vcore_r0_t0_c0_d0_v0_asm_silu_bf16_bf16_1024_num_vcores_32_partition_1_measurement.vcd,2026-06-07T14:37:32+00:00
af557d19b886b365,sim,2026-05-23,silu_bf16_bf16,bf16,bf16,1024,32,1,1,warmup,elementwise,500,430,8509,8079,584,,,/home/shay.levy/traces/vcd_traces/sim/20260523/vcore_r0_t0_c0_d0_v0_asm_silu_bf16_bf16_1024_num_vcores_32_partition_1_warmup.vcd,2026-06-07T14:37:32+00:00
de0a13a0c0b3b0da,sim,2026-05-23,softmax_fp32_fp32,fp32,fp32,32,32,1,1,measurement,normalization,500,410,1328,918,486,1011,0.908,/home/shay.levy/traces/vcd_traces/sim/20260523/vcore_r0_t0_c0_d0_v0_asm_softmax_fp32_fp32_32_num_vcores_32_partition_1_measurement.vcd,2026-06-07T14:37:32+00:00
d761490bfb8ab9be,sim,2026-05-23,softmax_fp32_fp32,fp32,fp32,32,32,1,1,warmup,normalization,500,430,1441,1011,588,,,/home/shay.levy/traces/vcd_traces/sim/20260523/vcore_r0_t0_c0_d0_v0_asm_softmax_fp32_fp32_32_num_vcores_32_partition_1_warmup.vcd,2026-06-07T14:37:32+00:00
4d4f5276fcf76af1,sim,2026-05-23,sub_bf16_bf16,bf16,bf16,1024,32,1,1,measurement,elementwise,500,473,1399,926,537,926,1.000,/home/shay.levy/traces/vcd_traces/sim/20260523/vcore_r0_t0_c0_d0_v0_asm_sub_bf16_bf16_1024_num_vcores_32_partition_1_measurement.vcd,2026-06-07T14:37:32+00:00
6c43f68c7f3b9357,sim,2026-05-23,sub_bf16_bf16,bf16,bf16,1024,32,1,1,warmup,elementwise,500,469,1395,926,533,,,/home/shay.levy/traces/vcd_traces/sim/20260523/vcore_r0_t0_c0_d0_v0_asm_sub_bf16_bf16_1024_num_vcores_32_partition_1_warmup.vcd,2026-06-07T14:37:32+00:00
47b4637d8925777f,sim,2026-05-23,sub_bf16_bf16,bf16,bf16,1024,8,1,1,measurement,elementwise,500,473,1407,934,545,1012,0.923,/home/shay.levy/traces/vcd_traces/sim/20260523/vcore_r0_t0_c0_d0_v0_asm_sub_bf16_bf16_1024_num_vcores_8_partition_1_measurement.vcd,2026-06-07T14:37:32+00:00
fc90e9c62abe462c,sim,2026-05-23,sub_bf16_bf16,bf16,bf16,1024,8,1,1,warmup,elementwise,500,493,1505,1012,643,,,/home/shay.levy/traces/vcd_traces/sim/20260523/vcore_r0_t0_c0_d0_v0_asm_sub_bf16_bf16_1024_num_vcores_8_partition_1_warmup.vcd,2026-06-07T14:37:32+00:00
f7bd40d3c5b56298,sim,2026-05-23,transpose_bf16_bf16,bf16,bf16,32,32,1,1,measurement,elementwise,500,410,884,474,473,561,0.845,/home/shay.levy/traces/vcd_traces/sim/20260523/vcore_r0_t0_c0_d0_v0_asm_transpose_bf16_bf16_32_num_vcores_32_partition_1_measurement.vcd,2026-06-07T14:37:32+00:00
c1bf8c2c1b2efcbc,sim,2026-05-23,transpose_bf16_bf16,bf16,bf16,32,32,1,1,warmup,elementwise,500,437,998,561,587,,,/home/shay.levy/traces/vcd_traces/sim/20260523/vcore_r0_t0_c0_d0_v0_asm_transpose_bf16_bf16_32_num_vcores_32_partition_1_warmup.vcd,2026-06-07T14:37:32+00:00
7904ea2f526187ab,sim,2026-05-23,transpose_bf16_bf16,bf16,bf16,32,8,1,1,measurement,elementwise,500,410,889,479,,603,0.794,/home/shay.levy/traces/vcd_traces/sim/20260523/vcore_r0_t0_c0_d0_v0_asm_transpose_bf16_bf16_32_num_vcores_8_partition_1_measurement.vcd,2026-06-07T14:37:32+00:00
e9c7c14271ccb69f,sim,2026-05-23,transpose_bf16_bf16,bf16,bf16,32,8,1,1,warmup,elementwise,500,437,1040,603,,,,/home/shay.levy/traces/vcd_traces/sim/20260523/vcore_r0_t0_c0_d0_v0_asm_transpose_bf16_bf16_32_num_vcores_8_partition_1_warmup.vcd,2026-06-07T14:37:32+00:00
27b98ffb8c3f8944,sim,2026-06-07,add_bf16_bf16,bf16,bf16,1024,1,1,1,measurement,elementwise,500,477,1411,934,549,1007,0.928,/home/shay.levy/traces/vcd_traces/sim/20260607/vcore_r0_t0_c0_d0_v0_asm_add_bf16_bf16_1024_num_vcores_1_partition_1_measurement.vcd,2026-06-07T14:37:32+00:00
b66d83df0f5c0c7e,sim,2026-06-07,add_bf16_bf16,bf16,bf16,1024,1,1,1,warmup,elementwise,500,902,1909,1007,1047,,,/home/shay.levy/traces/vcd_traces/sim/20260607/vcore_r0_t0_c0_d0_v0_asm_add_bf16_bf16_1024_num_vcores_1_partition_1_warmup.vcd,2026-06-07T14:37:32+00:00
7a753bb0f952a37e,sim,2026-06-07,add_bf16_bf16,bf16,bf16,1024,16,1,1,measurement,elementwise,500,473,1399,926,537,926,1.000,/home/shay.levy/traces/vcd_traces/sim/20260607/vcore_r0_t0_c0_d0_v0_asm_add_bf16_bf16_1024_num_vcores_16_partition_1_measurement.vcd,2026-06-07T14:37:32+00:00
f3aa615840036691,sim,2026-06-07,add_bf16_bf16,bf16,bf16,1024,16,1,1,warmup,elementwise,500,473,1399,926,537,,,/home/shay.levy/traces/vcd_traces/sim/20260607/vcore_r0_t0_c0_d0_v0_asm_add_bf16_bf16_1024_num_vcores_16_partition_1_warmup.vcd,2026-06-07T14:37:32+00:00
948693b22d13f650,sim,2026-06-07,add_bf16_bf16,bf16,bf16,1024,32,1,1,measurement,elementwise,500,473,1399,926,537,926,1.000,/home/shay.levy/traces/vcd_traces/sim/20260607/vcore_r0_t0_c0_d0_v0_asm_add_bf16_bf16_1024_num_vcores_32_partition_1_measurement.vcd,2026-06-07T14:37:32+00:00
18d545446633d4d8,sim,2026-06-07,add_bf16_bf16,bf16,bf16,1024,32,1,1,warmup,elementwise,500,473,1399,926,537,,,/home/shay.levy/traces/vcd_traces/sim/20260607/vcore_r0_t0_c0_d0_v0_asm_add_bf16_bf16_1024_num_vcores_32_partition_1_warmup.vcd,2026-06-07T14:37:32+00:00
100ea3934cfafd13,sim,2026-06-07,add_bf16_bf16,bf16,bf16,1024,8,1,1,measurement,elementwise,500,473,1399,926,537,926,1.000,/home/shay.levy/traces/vcd_traces/sim/20260607/vcore_r0_t0_c0_d0_v0_asm_add_bf16_bf16_1024_num_vcores_8_partition_1_measurement.vcd,2026-06-07T14:37:32+00:00
d6b6bc97c8ee51ad,sim,2026-06-07,add_bf16_bf16,bf16,bf16,1024,8,1,1,warmup,elementwise,500,473,1399,926,537,,,/home/shay.levy/traces/vcd_traces/sim/20260607/vcore_r0_t0_c0_d0_v0_asm_add_bf16_bf16_1024_num_vcores_8_partition_1_warmup.vcd,2026-06-07T14:37:32+00:00
7a264168a60e189f,sim,2026-06-07,cast_down_bf16_bf16,bf16,bf16,1024,1,1,1,measurement,cast,500,410,1319,909,474,997,0.912,/home/shay.levy/traces/vcd_traces/sim/20260607/vcore_r0_t0_c0_d0_v0_asm_cast_down_bf16_bf16_1024_num_vcores_1_partition_1_measurement.vcd,2026-06-07T14:37:32+00:00
1a2c97e4f4417f68,sim,2026-06-07,cast_down_bf16_bf16,bf16,bf16,1024,1,1,1,warmup,cast,500,430,1427,997,581,,,/home/shay.levy/traces/vcd_traces/sim/20260607/vcore_r0_t0_c0_d0_v0_asm_cast_down_bf16_bf16_1024_num_vcores_1_partition_1_warmup.vcd,2026-06-07T14:37:32+00:00
01b6b3c66ebdcf0f,sim,2026-06-07,cast_down_bf16_bf16,bf16,bf16,1024,16,1,1,measurement,cast,500,410,1319,909,474,909,1.000,/home/shay.levy/traces/vcd_traces/sim/20260607/vcore_r0_t0_c0_d0_v0_asm_cast_down_bf16_bf16_1024_num_vcores_16_partition_1_measurement.vcd,2026-06-07T14:37:32+00:00
51ca5135b14e9c08,sim,2026-06-07,cast_down_bf16_bf16,bf16,bf16,1024,16,1,1,warmup,cast,500,408,1317,909,472,,,/home/shay.levy/traces/vcd_traces/sim/20260607/vcore_r0_t0_c0_d0_v0_asm_cast_down_bf16_bf16_1024_num_vcores_16_partition_1_warmup.vcd,2026-06-07T14:37:32+00:00
dae447e55ad7ee4d,sim,2026-06-07,cast_down_bf16_bf16,bf16,bf16,1024,32,1,1,measurement,cast,500,410,1319,909,474,909,1.000,/home/shay.levy/traces/vcd_traces/sim/20260607/vcore_r0_t0_c0_d0_v0_asm_cast_down_bf16_bf16_1024_num_vcores_32_partition_1_measurement.vcd,2026-06-07T14:37:32+00:00
b1955492bc7f79ad,sim,2026-06-07,cast_down_bf16_bf16,bf16,bf16,1024,32,1,1,warmup,cast,500,408,1317,909,472,,,/home/shay.levy/traces/vcd_traces/sim/20260607/vcore_r0_t0_c0_d0_v0_asm_cast_down_bf16_bf16_1024_num_vcores_32_partition_1_warmup.vcd,2026-06-07T14:37:32+00:00
12239c2a9b88abe9,sim,2026-06-07,cast_down_bf16_bf16,bf16,bf16,1024,8,1,1,measurement,cast,500,410,1319,909,474,909,1.000,/home/shay.levy/traces/vcd_traces/sim/20260607/vcore_r0_t0_c0_d0_v0_asm_cast_down_bf16_bf16_1024_num_vcores_8_partition_1_measurement.vcd,2026-06-07T14:37:32+00:00
1619484dd3a74a23,sim,2026-06-07,cast_down_bf16_bf16,bf16,bf16,1024,8,1,1,warmup,cast,500,408,1317,909,472,,,/home/shay.levy/traces/vcd_traces/sim/20260607/vcore_r0_t0_c0_d0_v0_asm_cast_down_bf16_bf16_1024_num_vcores_8_partition_1_warmup.vcd,2026-06-07T14:37:32+00:00
5891d4e6b519daa6,sim,2026-06-07,cast_mxfp8_bf16_bf16,bf16,bf16,1024,1,1,1,measurement,cast,500,471,2495,2024,547,2138,0.947,/home/shay.levy/traces/vcd_traces/sim/20260607/vcore_r0_t0_c0_d0_v0_asm_cast_mxfp8_bf16_bf16_1024_num_vcores_1_partition_1_measurement.vcd,2026-06-07T14:37:32+00:00
8f5a633e71434c3a,sim,2026-06-07,cast_mxfp8_bf16_bf16,bf16,bf16,1024,1,1,1,warmup,cast,500,568,2706,2138,758,,,/home/shay.levy/traces/vcd_traces/sim/20260607/vcore_r0_t0_c0_d0_v0_asm_cast_mxfp8_bf16_bf16_1024_num_vcores_1_partition_1_warmup.vcd,2026-06-07T14:37:32+00:00
791c4cb06da50f35,sim,2026-06-07,cast_mxfp8_bf16_bf16,bf16,bf16,1024,16,1,1,measurement,cast,500,473,2489,2016,541,2016,1.000,/home/shay.levy/traces/vcd_traces/sim/20260607/vcore_r0_t0_c0_d0_v0_asm_cast_mxfp8_bf16_bf16_1024_num_vcores_16_partition_1_measurement.vcd,2026-06-07T14:37:32+00:00
ccae6c1c4f3635f6,sim,2026-06-07,cast_mxfp8_bf16_bf16,bf16,bf16,1024,16,1,1,warmup,cast,500,473,2489,2016,541,,,/home/shay.levy/traces/vcd_traces/sim/20260607/vcore_r0_t0_c0_d0_v0_asm_cast_mxfp8_bf16_bf16_1024_num_vcores_16_partition_1_warmup.vcd,2026-06-07T14:37:32+00:00
ccfed5d087496a86,sim,2026-06-07,cast_mxfp8_bf16_bf16,bf16,bf16,1024,32,1,1,measurement,cast,500,473,2489,2016,541,2016,1.000,/home/shay.levy/traces/vcd_traces/sim/20260607/vcore_r0_t0_c0_d0_v0_asm_cast_mxfp8_bf16_bf16_1024_num_vcores_32_partition_1_measurement.vcd,2026-06-07T14:37:32+00:00
bbc97e4e43951995,sim,2026-06-07,cast_mxfp8_bf16_bf16,bf16,bf16,1024,32,1,1,warmup,cast,500,473,2489,2016,541,,,/home/shay.levy/traces/vcd_traces/sim/20260607/vcore_r0_t0_c0_d0_v0_asm_cast_mxfp8_bf16_bf16_1024_num_vcores_32_partition_1_warmup.vcd,2026-06-07T14:37:32+00:00
c1d82d857be7c731,sim,2026-06-07,cast_mxfp8_bf16_bf16,bf16,bf16,1024,8,1,1,measurement,cast,500,473,2489,2016,541,2016,1.000,/home/shay.levy/traces/vcd_traces/sim/20260607/vcore_r0_t0_c0_d0_v0_asm_cast_mxfp8_bf16_bf16_1024_num_vcores_8_partition_1_measurement.vcd,2026-06-07T14:37:32+00:00
af3b401710af9726,sim,2026-06-07,cast_mxfp8_bf16_bf16,bf16,bf16,1024,8,1,1,warmup,cast,500,473,2489,2016,541,,,/home/shay.levy/traces/vcd_traces/sim/20260607/vcore_r0_t0_c0_d0_v0_asm_cast_mxfp8_bf16_bf16_1024_num_vcores_8_partition_1_warmup.vcd,2026-06-07T14:37:32+00:00
e5fa81f23c63f534,sim,2026-06-07,cast_up_fp32_fp32,fp32,fp32,1024,1,1,1,measurement,cast,500,411,1097,686,475,768,0.893,/home/shay.levy/traces/vcd_traces/sim/20260607/vcore_r0_t0_c0_d0_v0_asm_cast_up_fp32_fp32_1024_num_vcores_1_partition_1_measurement.vcd,2026-06-07T14:37:32+00:00
047154fb37312a86,sim,2026-06-07,cast_up_fp32_fp32,fp32,fp32,1024,1,1,1,warmup,cast,500,855,1623,768,1001,,,/home/shay.levy/traces/vcd_traces/sim/20260607/vcore_r0_t0_c0_d0_v0_asm_cast_up_fp32_fp32_1024_num_vcores_1_partition_1_warmup.vcd,2026-06-07T14:37:32+00:00
1a5f4aeaeb342d0f,sim,2026-06-07,cast_up_fp32_fp32,fp32,fp32,1024,16,1,1,measurement,cast,500,410,1096,686,474,686,1.000,/home/shay.levy/traces/vcd_traces/sim/20260607/vcore_r0_t0_c0_d0_v0_asm_cast_up_fp32_fp32_1024_num_vcores_16_partition_1_measurement.vcd,2026-06-07T14:37:32+00:00
8329c02099b6f42b,sim,2026-06-07,cast_up_fp32_fp32,fp32,fp32,1024,16,1,1,warmup,cast,500,410,1096,686,474,,,/home/shay.levy/traces/vcd_traces/sim/20260607/vcore_r0_t0_c0_d0_v0_asm_cast_up_fp32_fp32_1024_num_vcores_16_partition_1_warmup.vcd,2026-06-07T14:37:32+00:00
638000dc0d0a00d3,sim,2026-06-07,cast_up_fp32_fp32,fp32,fp32,1024,32,1,1,measurement,cast,500,410,1096,686,474,686,1.000,/home/shay.levy/traces/vcd_traces/sim/20260607/vcore_r0_t0_c0_d0_v0_asm_cast_up_fp32_fp32_1024_num_vcores_32_partition_1_measurement.vcd,2026-06-07T14:37:32+00:00
25a7634811ccb8ac,sim,2026-06-07,cast_up_fp32_fp32,fp32,fp32,1024,32,1,1,warmup,cast,500,410,1096,686,474,,,/home/shay.levy/traces/vcd_traces/sim/20260607/vcore_r0_t0_c0_d0_v0_asm_cast_up_fp32_fp32_1024_num_vcores_32_partition_1_warmup.vcd,2026-06-07T14:37:32+00:00
a9f0c71bd9e7b900,sim,2026-06-07,cast_up_fp32_fp32,fp32,fp32,1024,8,1,1,measurement,cast,500,410,1096,686,474,686,1.000,/home/shay.levy/traces/vcd_traces/sim/20260607/vcore_r0_t0_c0_d0_v0_asm_cast_up_fp32_fp32_1024_num_vcores_8_partition_1_measurement.vcd,2026-06-07T14:37:32+00:00
8ab40e84eb722db5,sim,2026-06-07,cast_up_fp32_fp32,fp32,fp32,1024,8,1,1,warmup,cast,500,410,1096,686,474,,,/home/shay.levy/traces/vcd_traces/sim/20260607/vcore_r0_t0_c0_d0_v0_asm_cast_up_fp32_fp32_1024_num_vcores_8_partition_1_warmup.vcd,2026-06-07T14:37:32+00:00
44b8568a3ac4b3df,sim,2026-06-07,clamp_fp32_fp32,fp32,fp32,1024,1,1,1,measurement,elementwise,500,507,1790,1283,587,1326,0.968,/home/shay.levy/traces/vcd_traces/sim/20260607/vcore_r0_t0_c0_d0_v0_asm_clamp_fp32_fp32_1024_num_vcores_1_partition_1_measurement.vcd,2026-06-07T14:37:32+00:00
66423cfd2c113460,sim,2026-06-07,clamp_fp32_fp32,fp32,fp32,1024,1,1,1,warmup,elementwise,500,577,1903,1326,733,,,/home/shay.levy/traces/vcd_traces/sim/20260607/vcore_r0_t0_c0_d0_v0_asm_clamp_fp32_fp32_1024_num_vcores_1_partition_1_warmup.vcd,2026-06-07T14:37:32+00:00
bc653de81610c343,sim,2026-06-07,clamp_fp32_fp32,fp32,fp32,1024,16,1,1,measurement,elementwise,500,507,1790,1283,587,1283,1.000,/home/shay.levy/traces/vcd_traces/sim/20260607/vcore_r0_t0_c0_d0_v0_asm_clamp_fp32_fp32_1024_num_vcores_16_partition_1_measurement.vcd,2026-06-07T14:37:32+00:00
0267a5a4c22fe581,sim,2026-06-07,clamp_fp32_fp32,fp32,fp32,1024,16,1,1,warmup,elementwise,500,507,1790,1283,587,,,/home/shay.levy/traces/vcd_traces/sim/20260607/vcore_r0_t0_c0_d0_v0_asm_clamp_fp32_fp32_1024_num_vcores_16_partition_1_warmup.vcd,2026-06-07T14:37:32+00:00
a08ab0ff4e284b73,sim,2026-06-07,clamp_fp32_fp32,fp32,fp32,1024,32,1,1,measurement,elementwise,500,507,1790,1283,587,1283,1.000,/home/shay.levy/traces/vcd_traces/sim/20260607/vcore_r0_t0_c0_d0_v0_asm_clamp_fp32_fp32_1024_num_vcores_32_partition_1_measurement.vcd,2026-06-07T14:37:32+00:00
8e36fabe88d1c25a,sim,2026-06-07,clamp_fp32_fp32,fp32,fp32,1024,32,1,1,warmup,elementwise,500,507,1790,1283,587,,,/home/shay.levy/traces/vcd_traces/sim/20260607/vcore_r0_t0_c0_d0_v0_asm_clamp_fp32_fp32_1024_num_vcores_32_partition_1_warmup.vcd,2026-06-07T14:37:32+00:00
853327d98d739ad6,sim,2026-06-07,clamp_fp32_fp32,fp32,fp32,1024,8,1,1,measurement,elementwise,500,507,1790,1283,587,1283,1.000,/home/shay.levy/traces/vcd_traces/sim/20260607/vcore_r0_t0_c0_d0_v0_asm_clamp_fp32_fp32_1024_num_vcores_8_partition_1_measurement.vcd,2026-06-07T14:37:32+00:00
015bb7be27e4374c,sim,2026-06-07,clamp_fp32_fp32,fp32,fp32,1024,8,1,1,warmup,elementwise,500,507,1790,1283,587,,,/home/shay.levy/traces/vcd_traces/sim/20260607/vcore_r0_t0_c0_d0_v0_asm_clamp_fp32_fp32_1024_num_vcores_8_partition_1_warmup.vcd,2026-06-07T14:37:32+00:00
1a4116111d39a67c,sim,2026-06-07,exp_fp32_fp32,fp32,fp32,1024,1,1,1,measurement,elementwise,500,410,1318,908,473,987,0.920,/home/shay.levy/traces/vcd_traces/sim/20260607/vcore_r0_t0_c0_d0_v0_asm_exp_fp32_fp32_1024_num_vcores_1_partition_1_measurement.vcd,2026-06-07T14:37:32+00:00
0d7e9dcb53593261,sim,2026-06-07,exp_fp32_fp32,fp32,fp32,1024,1,1,1,warmup,elementwise,500,428,1415,987,570,,,/home/shay.levy/traces/vcd_traces/sim/20260607/vcore_r0_t0_c0_d0_v0_asm_exp_fp32_fp32_1024_num_vcores_1_partition_1_warmup.vcd,2026-06-07T14:37:32+00:00
280bf82664df6057,sim,2026-06-07,exp_fp32_fp32,fp32,fp32,1024,16,1,1,measurement,elementwise,500,410,1318,908,473,908,1.000,/home/shay.levy/traces/vcd_traces/sim/20260607/vcore_r0_t0_c0_d0_v0_asm_exp_fp32_fp32_1024_num_vcores_16_partition_1_measurement.vcd,2026-06-07T14:37:32+00:00
e468745f18ac786b,sim,2026-06-07,exp_fp32_fp32,fp32,fp32,1024,16,1,1,warmup,elementwise,500,408,1316,908,471,,,/home/shay.levy/traces/vcd_traces/sim/20260607/vcore_r0_t0_c0_d0_v0_asm_exp_fp32_fp32_1024_num_vcores_16_partition_1_warmup.vcd,2026-06-07T14:37:32+00:00
b86392f7a65efae2,sim,2026-06-07,exp_fp32_fp32,fp32,fp32,1024,32,1,1,measurement,elementwise,500,410,1318,908,473,908,1.000,/home/shay.levy/traces/vcd_traces/sim/20260607/vcore_r0_t0_c0_d0_v0_asm_exp_fp32_fp32_1024_num_vcores_32_partition_1_measurement.vcd,2026-06-07T14:37:32+00:00
37415aac44bf4d41,sim,2026-06-07,exp_fp32_fp32,fp32,fp32,1024,32,1,1,warmup,elementwise,500,408,1316,908,471,,,/home/shay.levy/traces/vcd_traces/sim/20260607/vcore_r0_t0_c0_d0_v0_asm_exp_fp32_fp32_1024_num_vcores_32_partition_1_warmup.vcd,2026-06-07T14:37:32+00:00
998972529ee0790e,sim,2026-06-07,exp_fp32_fp32,fp32,fp32,1024,8,1,1,measurement,elementwise,500,410,1318,908,473,908,1.000,/home/shay.levy/traces/vcd_traces/sim/20260607/vcore_r0_t0_c0_d0_v0_asm_exp_fp32_fp32_1024_num_vcores_8_partition_1_measurement.vcd,2026-06-07T14:37:32+00:00
6b5fd961603f1aa1,sim,2026-06-07,exp_fp32_fp32,fp32,fp32,1024,8,1,1,warmup,elementwise,500,408,1316,908,471,,,/home/shay.levy/traces/vcd_traces/sim/20260607/vcore_r0_t0_c0_d0_v0_asm_exp_fp32_fp32_1024_num_vcores_8_partition_1_warmup.vcd,2026-06-07T14:37:32+00:00
f414bde25c90783a,sim,2026-06-07,linear_vme_bf16_bf16,bf16,bf16,128,,1,,measurement,vme,500,503,18995,18492,,19752,0.936,/home/shay.levy/traces/vcd_traces/sim/20260607/vcore_r0_t0_c0_d0_v0_asm_linear_vme_bf16_bf16_128_measurement.vcd,2026-06-07T14:37:32+00:00
3f3e89bbc1770dbf,sim,2026-06-07,linear_vme_bf16_bf16,bf16,bf16,128,,1,,warmup,vme,500,924,20676,19752,,,,/home/shay.levy/traces/vcd_traces/sim/20260607/vcore_r0_t0_c0_d0_v0_asm_linear_vme_bf16_bf16_128_warmup.vcd,2026-06-07T14:37:32+00:00
b2638222786d0a58,sim,2026-06-07,memcpy_fp32_local_fp32,fp32,fp32,1024,1,1,1,measurement,memory,500,411,1312,901,475,985,0.915,/home/shay.levy/traces/vcd_traces/sim/20260607/vcore_r0_t0_c0_d0_v0_asm_memcpy_fp32_local_fp32_1024_num_vcores_1_partition_1_measurement.vcd,2026-06-07T14:37:32+00:00
3e9d262e8b4632d9,sim,2026-06-07,memcpy_fp32_local_fp32,fp32,fp32,1024,1,1,1,warmup,memory,500,855,1840,985,1003,,,/home/shay.levy/traces/vcd_traces/sim/20260607/vcore_r0_t0_c0_d0_v0_asm_memcpy_fp32_local_fp32_1024_num_vcores_1_partition_1_warmup.vcd,2026-06-07T14:37:32+00:00
8fccd93d428eeb7f,sim,2026-06-07,memcpy_fp32_local_fp32,fp32,fp32,1024,16,1,1,measurement,memory,500,410,1311,901,474,901,1.000,/home/shay.levy/traces/vcd_traces/sim/20260607/vcore_r0_t0_c0_d0_v0_asm_memcpy_fp32_local_fp32_1024_num_vcores_16_partition_1_measurement.vcd,2026-06-07T14:37:32+00:00
3455631da93483b6,sim,2026-06-07,memcpy_fp32_local_fp32,fp32,fp32,1024,16,1,1,warmup,memory,500,410,1311,901,474,,,/home/shay.levy/traces/vcd_traces/sim/20260607/vcore_r0_t0_c0_d0_v0_asm_memcpy_fp32_local_fp32_1024_num_vcores_16_partition_1_warmup.vcd,2026-06-07T14:37:32+00:00
51ce07dc090b94d7,sim,2026-06-07,memcpy_fp32_local_fp32,fp32,fp32,1024,32,1,1,measurement,memory,500,410,1311,901,474,901,1.000,/home/shay.levy/traces/vcd_traces/sim/20260607/vcore_r0_t0_c0_d0_v0_asm_memcpy_fp32_local_fp32_1024_num_vcores_32_partition_1_measurement.vcd,2026-06-07T14:37:32+00:00
4dd02361054532a6,sim,2026-06-07,memcpy_fp32_local_fp32,fp32,fp32,1024,32,1,1,warmup,memory,500,410,1311,901,474,,,/home/shay.levy/traces/vcd_traces/sim/20260607/vcore_r0_t0_c0_d0_v0_asm_memcpy_fp32_local_fp32_1024_num_vcores_32_partition_1_warmup.vcd,2026-06-07T14:37:32+00:00
285bd13f0b8bf297,sim,2026-06-07,memcpy_fp32_local_fp32,fp32,fp32,1024,8,1,1,measurement,memory,500,410,1311,901,474,901,1.000,/home/shay.levy/traces/vcd_traces/sim/20260607/vcore_r0_t0_c0_d0_v0_asm_memcpy_fp32_local_fp32_1024_num_vcores_8_partition_1_measurement.vcd,2026-06-07T14:37:32+00:00
2c2d8a98084f55b7,sim,2026-06-07,memcpy_fp32_local_fp32,fp32,fp32,1024,8,1,1,warmup,memory,500,410,1311,901,474,,,/home/shay.levy/traces/vcd_traces/sim/20260607/vcore_r0_t0_c0_d0_v0_asm_memcpy_fp32_local_fp32_1024_num_vcores_8_partition_1_warmup.vcd,2026-06-07T14:37:32+00:00
30836b1d423bd56e,sim,2026-06-07,mul_bf16_bf16,bf16,bf16,1024,1,1,1,measurement,elementwise,500,473,1407,934,545,1012,0.923,/home/shay.levy/traces/vcd_traces/sim/20260607/vcore_r0_t0_c0_d0_v0_asm_mul_bf16_bf16_1024_num_vcores_1_partition_1_measurement.vcd,2026-06-07T14:37:32+00:00
7986f77e3975e034,sim,2026-06-07,mul_bf16_bf16,bf16,bf16,1024,1,1,1,warmup,elementwise,500,493,1505,1012,643,,,/home/shay.levy/traces/vcd_traces/sim/20260607/vcore_r0_t0_c0_d0_v0_asm_mul_bf16_bf16_1024_num_vcores_1_partition_1_warmup.vcd,2026-06-07T14:37:32+00:00
ce8115a8b9291e3f,sim,2026-06-07,mul_bf16_bf16,bf16,bf16,1024,16,1,1,measurement,elementwise,500,473,1399,926,537,926,1.000,/home/shay.levy/traces/vcd_traces/sim/20260607/vcore_r0_t0_c0_d0_v0_asm_mul_bf16_bf16_1024_num_vcores_16_partition_1_measurement.vcd,2026-06-07T14:37:32+00:00
d22e971ce2b3e9fa,sim,2026-06-07,mul_bf16_bf16,bf16,bf16,1024,16,1,1,warmup,elementwise,500,473,1399,926,537,,,/home/shay.levy/traces/vcd_traces/sim/20260607/vcore_r0_t0_c0_d0_v0_asm_mul_bf16_bf16_1024_num_vcores_16_partition_1_warmup.vcd,2026-06-07T14:37:32+00:00
26577a65c70e8cec,sim,2026-06-07,mul_bf16_bf16,bf16,bf16,1024,32,1,1,measurement,elementwise,500,473,1399,926,537,926,1.000,/home/shay.levy/traces/vcd_traces/sim/20260607/vcore_r0_t0_c0_d0_v0_asm_mul_bf16_bf16_1024_num_vcores_32_partition_1_measurement.vcd,2026-06-07T14:37:32+00:00
051972cd21bac801,sim,2026-06-07,mul_bf16_bf16,bf16,bf16,1024,32,1,1,warmup,elementwise,500,473,1399,926,537,,,/home/shay.levy/traces/vcd_traces/sim/20260607/vcore_r0_t0_c0_d0_v0_asm_mul_bf16_bf16_1024_num_vcores_32_partition_1_warmup.vcd,2026-06-07T14:37:32+00:00
df507db531ce3fd4,sim,2026-06-07,mul_bf16_bf16,bf16,bf16,1024,8,1,1,measurement,elementwise,500,473,1399,926,537,926,1.000,/home/shay.levy/traces/vcd_traces/sim/20260607/vcore_r0_t0_c0_d0_v0_asm_mul_bf16_bf16_1024_num_vcores_8_partition_1_measurement.vcd,2026-06-07T14:37:32+00:00
8cbb1113e03e88b6,sim,2026-06-07,mul_bf16_bf16,bf16,bf16,1024,8,1,1,warmup,elementwise,500,469,1395,926,533,,,/home/shay.levy/traces/vcd_traces/sim/20260607/vcore_r0_t0_c0_d0_v0_asm_mul_bf16_bf16_1024_num_vcores_8_partition_1_warmup.vcd,2026-06-07T14:37:32+00:00
ad73a12ec5d4b100,sim,2026-06-07,rmsnorm_bf16_bf16,bf16,bf16,8,1,1,1,measurement,normalization,500,472,6395,5923,552,6073,0.975,/home/shay.levy/traces/vcd_traces/sim/20260607/vcore_r0_t0_c0_d0_v0_asm_rmsnorm_bf16_bf16_8_num_vcores_1_partition_1_measurement.vcd,2026-06-07T14:37:32+00:00
1881e5f4e980ad56,sim,2026-06-07,rmsnorm_bf16_bf16,bf16,bf16,8,1,1,1,warmup,normalization,500,568,6641,6073,727,,,/home/shay.levy/traces/vcd_traces/sim/20260607/vcore_r0_t0_c0_d0_v0_asm_rmsnorm_bf16_bf16_8_num_vcores_1_partition_1_warmup.vcd,2026-06-07T14:37:32+00:00
5cf2f8a27f876f66,sim,2026-06-07,rmsnorm_bf16_bf16,bf16,bf16,8,32,1,1,measurement,normalization,500,473,6381,5908,543,5908,1.000,/home/shay.levy/traces/vcd_traces/sim/20260607/vcore_r0_t0_c0_d0_v0_asm_rmsnorm_bf16_bf16_8_num_vcores_32_partition_1_measurement.vcd,2026-06-07T14:37:32+00:00
740c6bbf250c78e4,sim,2026-06-07,rmsnorm_bf16_bf16,bf16,bf16,8,32,1,1,warmup,normalization,500,473,6381,5908,543,,,/home/shay.levy/traces/vcd_traces/sim/20260607/vcore_r0_t0_c0_d0_v0_asm_rmsnorm_bf16_bf16_8_num_vcores_32_partition_1_warmup.vcd,2026-06-07T14:37:32+00:00
113e227201f920af,sim,2026-06-07,rmsnorm_bf16_bf16,bf16,bf16,8,8,1,1,measurement,normalization,500,473,6383,5910,543,5910,1.000,/home/shay.levy/traces/vcd_traces/sim/20260607/vcore_r0_t0_c0_d0_v0_asm_rmsnorm_bf16_bf16_8_num_vcores_8_partition_1_measurement.vcd,2026-06-07T14:37:32+00:00
b064fbacfcfaaab2,sim,2026-06-07,rmsnorm_bf16_bf16,bf16,bf16,8,8,1,1,warmup,normalization,500,473,6383,5910,543,,,/home/shay.levy/traces/vcd_traces/sim/20260607/vcore_r0_t0_c0_d0_v0_asm_rmsnorm_bf16_bf16_8_num_vcores_8_partition_1_warmup.vcd,2026-06-07T14:37:32+00:00
121cf9253004046d,sim,2026-06-07,rsqrt_fp32_fp32,fp32,fp32,1024,1,1,1,measurement,elementwise,500,410,3406,2996,475,3118,0.961,/home/shay.levy/traces/vcd_traces/sim/20260607/vcore_r0_t0_c0_d0_v0_asm_rsqrt_fp32_fp32_1024_num_vcores_1_partition_1_measurement.vcd,2026-06-07T14:37:32+00:00
0728a3968884a625,sim,2026-06-07,rsqrt_fp32_fp32,fp32,fp32,1024,1,1,1,warmup,elementwise,500,428,3546,3118,615,,,/home/shay.levy/traces/vcd_traces/sim/20260607/vcore_r0_t0_c0_d0_v0_asm_rsqrt_fp32_fp32_1024_num_vcores_1_partition_1_warmup.vcd,2026-06-07T14:37:32+00:00
61f583d08e105677,sim,2026-06-07,rsqrt_fp32_fp32,fp32,fp32,1024,16,1,1,measurement,elementwise,500,410,3406,2996,475,2996,1.000,/home/shay.levy/traces/vcd_traces/sim/20260607/vcore_r0_t0_c0_d0_v0_asm_rsqrt_fp32_fp32_1024_num_vcores_16_partition_1_measurement.vcd,2026-06-07T14:37:32+00:00
ad3b9295cf86f48d,sim,2026-06-07,rsqrt_fp32_fp32,fp32,fp32,1024,16,1,1,warmup,elementwise,500,408,3404,2996,473,,,/home/shay.levy/traces/vcd_traces/sim/20260607/vcore_r0_t0_c0_d0_v0_asm_rsqrt_fp32_fp32_1024_num_vcores_16_partition_1_warmup.vcd,2026-06-07T14:37:32+00:00
7ffcb3bdd3ca102d,sim,2026-06-07,rsqrt_fp32_fp32,fp32,fp32,1024,32,1,1,measurement,elementwise,500,410,3406,2996,475,2996,1.000,/home/shay.levy/traces/vcd_traces/sim/20260607/vcore_r0_t0_c0_d0_v0_asm_rsqrt_fp32_fp32_1024_num_vcores_32_partition_1_measurement.vcd,2026-06-07T14:37:32+00:00
7ff9b3adbf260789,sim,2026-06-07,rsqrt_fp32_fp32,fp32,fp32,1024,32,1,1,warmup,elementwise,500,408,3404,2996,473,,,/home/shay.levy/traces/vcd_traces/sim/20260607/vcore_r0_t0_c0_d0_v0_asm_rsqrt_fp32_fp32_1024_num_vcores_32_partition_1_warmup.vcd,2026-06-07T14:37:32+00:00
8276613c729f166c,sim,2026-06-07,rsqrt_fp32_fp32,fp32,fp32,1024,8,1,1,measurement,elementwise,500,410,3406,2996,475,2996,1.000,/home/shay.levy/traces/vcd_traces/sim/20260607/vcore_r0_t0_c0_d0_v0_asm_rsqrt_fp32_fp32_1024_num_vcores_8_partition_1_measurement.vcd,2026-06-07T14:37:32+00:00
f757d34f0bb81575,sim,2026-06-07,rsqrt_fp32_fp32,fp32,fp32,1024,8,1,1,warmup,elementwise,500,408,3404,2996,473,,,/home/shay.levy/traces/vcd_traces/sim/20260607/vcore_r0_t0_c0_d0_v0_asm_rsqrt_fp32_fp32_1024_num_vcores_8_partition_1_warmup.vcd,2026-06-07T14:37:32+00:00
bef2dcb62efe2786,sim,2026-06-07,silu_bf16_bf16,bf16,bf16,1024,1,1,1,measurement,elementwise,500,410,8400,7990,475,8079,0.989,/home/shay.levy/traces/vcd_traces/sim/20260607/vcore_r0_t0_c0_d0_v0_asm_silu_bf16_bf16_1024_num_vcores_1_partition_1_measurement.vcd,2026-06-07T14:37:32+00:00
b9d123fdefd2dac7,sim,2026-06-07,silu_bf16_bf16,bf16,bf16,1024,1,1,1,warmup,elementwise,500,435,8514,8079,589,,,/home/shay.levy/traces/vcd_traces/sim/20260607/vcore_r0_t0_c0_d0_v0_asm_silu_bf16_bf16_1024_num_vcores_1_partition_1_warmup.vcd,2026-06-07T14:37:32+00:00
9d37f0bb7bbd706e,sim,2026-06-07,silu_bf16_bf16,bf16,bf16,1024,16,1,1,measurement,elementwise,500,410,8400,7990,475,7990,1.000,/home/shay.levy/traces/vcd_traces/sim/20260607/vcore_r0_t0_c0_d0_v0_asm_silu_bf16_bf16_1024_num_vcores_16_partition_1_measurement.vcd,2026-06-07T14:37:32+00:00
6f3cf22005dffbf4,sim,2026-06-07,silu_bf16_bf16,bf16,bf16,1024,16,1,1,warmup,elementwise,500,408,8398,7990,473,,,/home/shay.levy/traces/vcd_traces/sim/20260607/vcore_r0_t0_c0_d0_v0_asm_silu_bf16_bf16_1024_num_vcores_16_partition_1_warmup.vcd,2026-06-07T14:37:32+00:00
732d7cc607749170,sim,2026-06-07,silu_bf16_bf16,bf16,bf16,1024,32,1,1,measurement,elementwise,500,410,8400,7990,475,7990,1.000,/home/shay.levy/traces/vcd_traces/sim/20260607/vcore_r0_t0_c0_d0_v0_asm_silu_bf16_bf16_1024_num_vcores_32_partition_1_measurement.vcd,2026-06-07T14:37:32+00:00
2f95695f04d1f41d,sim,2026-06-07,silu_bf16_bf16,bf16,bf16,1024,32,1,1,warmup,elementwise,500,408,8398,7990,473,,,/home/shay.levy/traces/vcd_traces/sim/20260607/vcore_r0_t0_c0_d0_v0_asm_silu_bf16_bf16_1024_num_vcores_32_partition_1_warmup.vcd,2026-06-07T14:37:32+00:00
bdb413729e543fa3,sim,2026-06-07,silu_bf16_bf16,bf16,bf16,1024,8,1,1,measurement,elementwise,500,410,8400,7990,475,7990,1.000,/home/shay.levy/traces/vcd_traces/sim/20260607/vcore_r0_t0_c0_d0_v0_asm_silu_bf16_bf16_1024_num_vcores_8_partition_1_measurement.vcd,2026-06-07T14:37:32+00:00
29165ba1ceeeca54,sim,2026-06-07,silu_bf16_bf16,bf16,bf16,1024,8,1,1,warmup,elementwise,500,408,8398,7990,473,,,/home/shay.levy/traces/vcd_traces/sim/20260607/vcore_r0_t0_c0_d0_v0_asm_silu_bf16_bf16_1024_num_vcores_8_partition_1_warmup.vcd,2026-06-07T14:37:32+00:00
b198f0ae55da2c6f,sim,2026-06-07,softmax_fp32_fp32,fp32,fp32,32,1,1,1,measurement,normalization,500,411,1329,918,487,1005,0.913,/home/shay.levy/traces/vcd_traces/sim/20260607/vcore_r0_t0_c0_d0_v0_asm_softmax_fp32_fp32_32_num_vcores_1_partition_1_measurement.vcd,2026-06-07T14:37:32+00:00
fefa82d09ecae2f9,sim,2026-06-07,softmax_fp32_fp32,fp32,fp32,32,1,1,1,warmup,normalization,500,855,1860,1005,1008,,,/home/shay.levy/traces/vcd_traces/sim/20260607/vcore_r0_t0_c0_d0_v0_asm_softmax_fp32_fp32_32_num_vcores_1_partition_1_warmup.vcd,2026-06-07T14:37:32+00:00
7f1e499cd459ed27,sim,2026-06-07,softmax_fp32_fp32,fp32,fp32,32,32,1,1,measurement,normalization,500,410,1318,908,479,908,1.000,/home/shay.levy/traces/vcd_traces/sim/20260607/vcore_r0_t0_c0_d0_v0_asm_softmax_fp32_fp32_32_num_vcores_32_partition_1_measurement.vcd,2026-06-07T14:37:32+00:00
90bb6215ccef6748,sim,2026-06-07,softmax_fp32_fp32,fp32,fp32,32,32,1,1,warmup,normalization,500,410,1318,908,479,,,/home/shay.levy/traces/vcd_traces/sim/20260607/vcore_r0_t0_c0_d0_v0_asm_softmax_fp32_fp32_32_num_vcores_32_partition_1_warmup.vcd,2026-06-07T14:37:32+00:00
2202d77070284541,sim,2026-06-07,softmax_fp32_fp32,fp32,fp32,32,8,1,1,measurement,normalization,500,410,1319,909,479,908,1.001,/home/shay.levy/traces/vcd_traces/sim/20260607/vcore_r0_t0_c0_d0_v0_asm_softmax_fp32_fp32_32_num_vcores_8_partition_1_measurement.vcd,2026-06-07T14:37:32+00:00
4ac1c0c64c5c6780,sim,2026-06-07,softmax_fp32_fp32,fp32,fp32,32,8,1,1,warmup,normalization,500,410,1318,908,479,,,/home/shay.levy/traces/vcd_traces/sim/20260607/vcore_r0_t0_c0_d0_v0_asm_softmax_fp32_fp32_32_num_vcores_8_partition_1_warmup.vcd,2026-06-07T14:37:32+00:00
87f50e20b1aeab92,sim,2026-06-07,sub_bf16_bf16,bf16,bf16,1024,1,1,1,measurement,elementwise,500,473,1407,934,545,1012,0.923,/home/shay.levy/traces/vcd_traces/sim/20260607/vcore_r0_t0_c0_d0_v0_asm_sub_bf16_bf16_1024_num_vcores_1_partition_1_measurement.vcd,2026-06-07T14:37:32+00:00
ec22ba3d2d2bfb98,sim,2026-06-07,sub_bf16_bf16,bf16,bf16,1024,1,1,1,warmup,elementwise,500,493,1505,1012,643,,,/home/shay.levy/traces/vcd_traces/sim/20260607/vcore_r0_t0_c0_d0_v0_asm_sub_bf16_bf16_1024_num_vcores_1_partition_1_warmup.vcd,2026-06-07T14:37:32+00:00
ce0540e737313ed0,sim,2026-06-07,sub_bf16_bf16,bf16,bf16,1024,16,1,1,measurement,elementwise,500,471,1397,926,535,926,1.000,/home/shay.levy/traces/vcd_traces/sim/20260607/vcore_r0_t0_c0_d0_v0_asm_sub_bf16_bf16_1024_num_vcores_16_partition_1_measurement.vcd,2026-06-07T14:37:32+00:00
e07e0f9923498bbc,sim,2026-06-07,sub_bf16_bf16,bf16,bf16,1024,16,1,1,warmup,elementwise,500,473,1399,926,537,,,/home/shay.levy/traces/vcd_traces/sim/20260607/vcore_r0_t0_c0_d0_v0_asm_sub_bf16_bf16_1024_num_vcores_16_partition_1_warmup.vcd,2026-06-07T14:37:32+00:00
ddb04e3fad0f2148,sim,2026-06-07,sub_bf16_bf16,bf16,bf16,1024,32,1,1,measurement,elementwise,500,473,1399,926,537,926,1.000,/home/shay.levy/traces/vcd_traces/sim/20260607/vcore_r0_t0_c0_d0_v0_asm_sub_bf16_bf16_1024_num_vcores_32_partition_1_measurement.vcd,2026-06-07T14:37:32+00:00
42497d1300aeefe7,sim,2026-06-07,sub_bf16_bf16,bf16,bf16,1024,32,1,1,warmup,elementwise,500,473,1399,926,537,,,/home/shay.levy/traces/vcd_traces/sim/20260607/vcore_r0_t0_c0_d0_v0_asm_sub_bf16_bf16_1024_num_vcores_32_partition_1_warmup.vcd,2026-06-07T14:37:32+00:00
ffb7063accaf53ee,sim,2026-06-07,sub_bf16_bf16,bf16,bf16,1024,8,1,1,measurement,elementwise,500,473,1399,926,537,926,1.000,/home/shay.levy/traces/vcd_traces/sim/20260607/vcore_r0_t0_c0_d0_v0_asm_sub_bf16_bf16_1024_num_vcores_8_partition_1_measurement.vcd,2026-06-07T14:37:32+00:00
86fdbb086bbf87e5,sim,2026-06-07,sub_bf16_bf16,bf16,bf16,1024,8,1,1,warmup,elementwise,500,473,1399,926,537,,,/home/shay.levy/traces/vcd_traces/sim/20260607/vcore_r0_t0_c0_d0_v0_asm_sub_bf16_bf16_1024_num_vcores_8_partition_1_warmup.vcd,2026-06-07T14:37:32+00:00
bca51897bd9ed3bf,sim,2026-06-07,transpose_bf16_bf16,bf16,bf16,32,1,1,1,measurement,elementwise,500,410,884,474,473,561,0.845,/home/shay.levy/traces/vcd_traces/sim/20260607/vcore_r0_t0_c0_d0_v0_asm_transpose_bf16_bf16_32_num_vcores_1_partition_1_measurement.vcd,2026-06-07T14:37:32+00:00
69649902df8eade0,sim,2026-06-07,transpose_bf16_bf16,bf16,bf16,32,1,1,1,warmup,elementwise,500,428,989,561,578,,,/home/shay.levy/traces/vcd_traces/sim/20260607/vcore_r0_t0_c0_d0_v0_asm_transpose_bf16_bf16_32_num_vcores_1_partition_1_warmup.vcd,2026-06-07T14:37:32+00:00
c84b80220737731d,sim,2026-06-07,transpose_bf16_bf16,bf16,bf16,32,16,1,1,measurement,elementwise,500,410,884,474,473,474,1.000,/home/shay.levy/traces/vcd_traces/sim/20260607/vcore_r0_t0_c0_d0_v0_asm_transpose_bf16_bf16_32_num_vcores_16_partition_1_measurement.vcd,2026-06-07T14:37:32+00:00
facf4a5421b7d89d,sim,2026-06-07,transpose_bf16_bf16,bf16,bf16,32,16,1,1,warmup,elementwise,500,408,882,474,471,,,/home/shay.levy/traces/vcd_traces/sim/20260607/vcore_r0_t0_c0_d0_v0_asm_transpose_bf16_bf16_32_num_vcores_16_partition_1_warmup.vcd,2026-06-07T14:37:32+00:00
91cd27a4e05fc4ae,sim,2026-06-07,transpose_bf16_bf16,bf16,bf16,32,32,1,1,measurement,elementwise,500,410,884,474,473,474,1.000,/home/shay.levy/traces/vcd_traces/sim/20260607/vcore_r0_t0_c0_d0_v0_asm_transpose_bf16_bf16_32_num_vcores_32_partition_1_measurement.vcd,2026-06-07T14:37:32+00:00
330a0d6011a11b36,sim,2026-06-07,transpose_bf16_bf16,bf16,bf16,32,32,1,1,warmup,elementwise,500,408,882,474,471,,,/home/shay.levy/traces/vcd_traces/sim/20260607/vcore_r0_t0_c0_d0_v0_asm_transpose_bf16_bf16_32_num_vcores_32_partition_1_warmup.vcd,2026-06-07T14:37:32+00:00
586ef942bc18a8ea,sim,2026-06-07,transpose_bf16_bf16,bf16,bf16,32,8,1,1,measurement,elementwise,500,410,884,474,473,474,1.000,/home/shay.levy/traces/vcd_traces/sim/20260607/vcore_r0_t0_c0_d0_v0_asm_transpose_bf16_bf16_32_num_vcores_8_partition_1_measurement.vcd,2026-06-07T14:37:32+00:00
0949fcceba038aad,sim,2026-06-07,transpose_bf16_bf16,bf16,bf16,32,8,1,1,warmup,elementwise,500,408,882,474,471,,,/home/shay.levy/traces/vcd_traces/sim/20260607/vcore_r0_t0_c0_d0_v0_asm_transpose_bf16_bf16_32_num_vcores_8_partition_1_warmup.vcd,2026-06-07T14:37:32+00:00
d2479ec75307d204,sim,2026-06-07,vme_128tile_bf16,,bf16,1,,1,,measurement,vme,500,474,64786,64312,510,64405,0.999,/home/shay.levy/traces/vcd_traces/sim/20260607/vcore_r0_t0_c0_d0_v0_asm_vme_128tile_bf16_1_measurement.vcd,2026-06-07T14:37:32+00:00
5c8b34b891a417d0,sim,2026-06-07,vme_128tile_bf16,,bf16,1,,1,,warmup,vme,500,493,64898,64405,587,,,/home/shay.levy/traces/vcd_traces/sim/20260607/vcore_r0_t0_c0_d0_v0_asm_vme_128tile_bf16_1_warmup.vcd,2026-06-07T14:37:32+00:00
d74ce72270a9c65d,sim,2026-06-07,vme_16tile_bf16,,bf16,1,,1,,measurement,vme,500,471,8895,8424,507,8517,0.989,/home/shay.levy/traces/vcd_traces/sim/20260607/vcore_r0_t0_c0_d0_v0_asm_vme_16tile_bf16_1_measurement.vcd,2026-06-07T14:37:32+00:00
193913880f394e41,sim,2026-06-07,vme_16tile_bf16,,bf16,1,,1,,warmup,vme,500,491,9008,8517,585,,,/home/shay.levy/traces/vcd_traces/sim/20260607/vcore_r0_t0_c0_d0_v0_asm_vme_16tile_bf16_1_warmup.vcd,2026-06-07T14:37:32+00:00
3811d13292441535,sim,2026-06-07,vme_1tile_bf16,,bf16,1,,1,,measurement,vme,500,474,1414,940,523,1019,0.922,/home/shay.levy/traces/vcd_traces/sim/20260607/vcore_r0_t0_c0_d0_v0_asm_vme_1tile_bf16_1_measurement.vcd,2026-06-07T14:37:32+00:00
f036522852313ff2,sim,2026-06-07,vme_1tile_bf16,,bf16,1,,1,,warmup,vme,500,493,1512,1019,585,,,/home/shay.levy/traces/vcd_traces/sim/20260607/vcore_r0_t0_c0_d0_v0_asm_vme_1tile_bf16_1_warmup.vcd,2026-06-07T14:37:32+00:00
4b50ac422218e80d,sim,2026-06-07,vme_1tile_cd8192_bf16,,bf16,1,,1,,measurement,vme,500,474,1531,1057,526,1137,0.930,/home/shay.levy/traces/vcd_traces/sim/20260607/vcore_r0_t0_c0_d0_v0_asm_vme_1tile_cd8192_bf16_1_measurement.vcd,2026-06-07T14:37:32+00:00
e6889ec73afbc2b0,sim,2026-06-07,vme_1tile_cd8192_bf16,,bf16,1,,1,,warmup,vme,500,493,1630,1137,588,,,/home/shay.levy/traces/vcd_traces/sim/20260607/vcore_r0_t0_c0_d0_v0_asm_vme_1tile_cd8192_bf16_1_warmup.vcd,2026-06-07T14:37:32+00:00
35a856a185ac168d,sim,2026-06-07,vme_1tile_xpose_bf16,,bf16,1,,1,,measurement,vme,500,477,1417,940,526,1017,0.924,/home/shay.levy/traces/vcd_traces/sim/20260607/vcore_r0_t0_c0_d0_v0_asm_vme_1tile_xpose_bf16_1_measurement.vcd,2026-06-07T14:37:32+00:00
84c1849cf1c4b824,sim,2026-06-07,vme_1tile_xpose_bf16,,bf16,1,,1,,warmup,vme,500,902,1919,1017,989,,,/home/shay.levy/traces/vcd_traces/sim/20260607/vcore_r0_t0_c0_d0_v0_asm_vme_1tile_xpose_bf16_1_warmup.vcd,2026-06-07T14:37:32+00:00
616d0a4168b4e0a6,sim,2026-06-07,vme_2plane_bf16,,bf16,1,,1,,measurement,vme,500,474,1447,973,510,1068,0.911,/home/shay.levy/traces/vcd_traces/sim/20260607/vcore_r0_t0_c0_d0_v0_asm_vme_2plane_bf16_1_measurement.vcd,2026-06-07T14:37:32+00:00
edf4c0be0755b096,sim,2026-06-07,vme_2plane_bf16,,bf16,1,,1,,warmup,vme,500,493,1561,1068,587,,,/home/shay.levy/traces/vcd_traces/sim/20260607/vcore_r0_t0_c0_d0_v0_asm_vme_2plane_bf16_1_warmup.vcd,2026-06-07T14:37:32+00:00
1822116795e559c3,sim,2026-06-07,vme_2wave_bf16,,bf16,1,,1,,measurement,vme,500,474,1989,1515,512,1608,0.942,/home/shay.levy/traces/vcd_traces/sim/20260607/vcore_r0_t0_c0_d0_v0_asm_vme_2wave_bf16_1_measurement.vcd,2026-06-07T14:37:32+00:00
c411e917d974b565,sim,2026-06-07,vme_2wave_bf16,,bf16,1,,1,,warmup,vme,500,493,2101,1608,589,,,/home/shay.levy/traces/vcd_traces/sim/20260607/vcore_r0_t0_c0_d0_v0_asm_vme_2wave_bf16_1_warmup.vcd,2026-06-07T14:37:32+00:00
15df6f8ab2a4291f,sim,2026-06-07,vme_32tile_2vxm_bf16,,bf16,1,,1,,measurement,vme,500,474,18377,17903,526,18017,0.994,/home/shay.levy/traces/vcd_traces/sim/20260607/vcore_r0_t0_c0_d0_v0_asm_vme_32tile_2vxm_bf16_1_measurement.vcd,2026-06-07T14:37:32+00:00
fd533269bd06e31f,sim,2026-06-07,vme_32tile_2vxm_bf16,,bf16,1,,1,,warmup,vme,500,493,18510,18017,623,,,/home/shay.levy/traces/vcd_traces/sim/20260607/vcore_r0_t0_c0_d0_v0_asm_vme_32tile_2vxm_bf16_1_warmup.vcd,2026-06-07T14:37:32+00:00
2836dc8e4c56efb0,sim,2026-06-07,vme_32tile_2vxm_chained_bf16,,bf16,1,,1,,measurement,vme,500,474,4149,3675,528,3753,0.979,/home/shay.levy/traces/vcd_traces/sim/20260607/vcore_r0_t0_c0_d0_v0_asm_vme_32tile_2vxm_chained_bf16_1_measurement.vcd,2026-06-07T14:37:32+00:00
ea5f3650116ab6c6,sim,2026-06-07,vme_32tile_2vxm_chained_bf16,,bf16,1,,1,,warmup,vme,500,493,4246,3753,590,,,/home/shay.levy/traces/vcd_traces/sim/20260607/vcore_r0_t0_c0_d0_v0_asm_vme_32tile_2vxm_chained_bf16_1_warmup.vcd,2026-06-07T14:37:32+00:00
5d153ac491f5b9bd,sim,2026-06-07,vme_32tile_bf16,,bf16,1,,1,,measurement,vme,500,473,16881,16408,509,16501,0.994,/home/shay.levy/traces/vcd_traces/sim/20260607/vcore_r0_t0_c0_d0_v0_asm_vme_32tile_bf16_1_measurement.vcd,2026-06-07T14:37:32+00:00
474093d2e08058b2,sim,2026-06-07,vme_32tile_bf16,,bf16,1,,1,,warmup,vme,500,493,16994,16501,587,,,/home/shay.levy/traces/vcd_traces/sim/20260607/vcore_r0_t0_c0_d0_v0_asm_vme_32tile_bf16_1_warmup.vcd,2026-06-07T14:37:32+00:00
ef075ef4755a4f16,sim,2026-06-07,vme_32tile_chained_bf16,,bf16,1,,1,,measurement,vme,500,473,2745,2272,510,2367,0.960,/home/shay.levy/traces/vcd_traces/sim/20260607/vcore_r0_t0_c0_d0_v0_asm_vme_32tile_chained_bf16_1_measurement.vcd,2026-06-07T14:37:32+00:00
8565decd9ebff689,sim,2026-06-07,vme_32tile_chained_bf16,,bf16,1,,1,,warmup,vme,500,491,2858,2367,587,,,/home/shay.levy/traces/vcd_traces/sim/20260607/vcore_r0_t0_c0_d0_v0_asm_vme_32tile_chained_bf16_1_warmup.vcd,2026-06-07T14:37:32+00:00
4b205ddaceb44ad0,sim,2026-06-07,vme_32tile_polled_bf16,,bf16,1,,1,,measurement,vme,500,471,16879,16408,507,16411,1.000,/home/shay.levy/traces/vcd_traces/sim/20260607/vcore_r0_t0_c0_d0_v0_asm_vme_32tile_polled_bf16_1_measurement.vcd,2026-06-07T14:37:32+00:00
732c5f278feb3bcb,sim,2026-06-07,vme_32tile_polled_bf16,,bf16,1,,1,,warmup,vme,500,490,16901,16411,529,,,/home/shay.levy/traces/vcd_traces/sim/20260607/vcore_r0_t0_c0_d0_v0_asm_vme_32tile_polled_bf16_1_warmup.vcd,2026-06-07T14:37:32+00:00
efcaa66a2e079897,sim,2026-06-07,vme_4act_bf16,,bf16,1,,1,,measurement,vme,500,473,1458,985,524,1170,0.842,/home/shay.levy/traces/vcd_traces/sim/20260607/vcore_r0_t0_c0_d0_v0_asm_vme_4act_bf16_1_measurement.vcd,2026-06-07T14:37:32+00:00
8fe377b253d8169d,sim,2026-06-07,vme_4act_bf16,,bf16,1,,1,,warmup,vme,500,493,1663,1170,587,,,/home/shay.levy/traces/vcd_traces/sim/20260607/vcore_r0_t0_c0_d0_v0_asm_vme_4act_bf16_1_warmup.vcd,2026-06-07T14:37:32+00:00
21f71b01dd21ae45,sim,2026-06-07,vme_4tile_2vxm_bf16,,bf16,1,,1,,measurement,vme,500,477,3103,2626,513,2862,0.918,/home/shay.levy/traces/vcd_traces/sim/20260607/vcore_r0_t0_c0_d0_v0_asm_vme_4tile_2vxm_bf16_1_measurement.vcd,2026-06-07T14:37:32+00:00
e1f9c877e456a74d,sim,2026-06-07,vme_4tile_2vxm_bf16,,bf16,1,,1,,warmup,vme,500,902,3764,2862,1137,,,/home/shay.levy/traces/vcd_traces/sim/20260607/vcore_r0_t0_c0_d0_v0_asm_vme_4tile_2vxm_bf16_1_warmup.vcd,2026-06-07T14:37:32+00:00
6c8cd14caa838929,sim,2026-06-07,vme_4tile_bf16,,bf16,1,,1,,measurement,vme,500,474,2909,2435,510,2531,0.962,/home/shay.levy/traces/vcd_traces/sim/20260607/vcore_r0_t0_c0_d0_v0_asm_vme_4tile_bf16_1_measurement.vcd,2026-06-07T14:37:32+00:00
c8cdefa3f912b699,sim,2026-06-07,vme_4tile_bf16,,bf16,1,,1,,warmup,vme,500,493,3024,2531,588,,,/home/shay.levy/traces/vcd_traces/sim/20260607/vcore_r0_t0_c0_d0_v0_asm_vme_4tile_bf16_1_warmup.vcd,2026-06-07T14:37:32+00:00
03a908306dc16fca,sim,2026-06-07,vme_4tile_cd2048_bf16,,bf16,1,,1,,measurement,vme,500,473,2976,2503,525,2583,0.969,/home/shay.levy/traces/vcd_traces/sim/20260607/vcore_r0_t0_c0_d0_v0_asm_vme_4tile_cd2048_bf16_1_measurement.vcd,2026-06-07T14:37:32+00:00
d66584c15f304e6b,sim,2026-06-07,vme_4tile_cd2048_bf16,,bf16,1,,1,,warmup,vme,500,493,3076,2583,588,,,/home/shay.levy/traces/vcd_traces/sim/20260607/vcore_r0_t0_c0_d0_v0_asm_vme_4tile_cd2048_bf16_1_warmup.vcd,2026-06-07T14:37:32+00:00
a427470cb243738c,sim,2026-06-07,vme_4tile_cd512_bf16,,bf16,1,,1,,measurement,vme,500,473,2928,2455,524,2533,0.969,/home/shay.levy/traces/vcd_traces/sim/20260607/vcore_r0_t0_c0_d0_v0_asm_vme_4tile_cd512_bf16_1_measurement.vcd,2026-06-07T14:37:32+00:00
4260bd9f29573080,sim,2026-06-07,vme_4tile_cd512_bf16,,bf16,1,,1,,warmup,vme,500,493,3026,2533,587,,,/home/shay.levy/traces/vcd_traces/sim/20260607/vcore_r0_t0_c0_d0_v0_asm_vme_4tile_cd512_bf16_1_warmup.vcd,2026-06-07T14:37:32+00:00
d623ccf8b0d5e0f7,sim,2026-06-07,vme_4tile_cd8192_bf16,,bf16,1,,1,,measurement,vme,500,473,3186,2713,525,2793,0.971,/home/shay.levy/traces/vcd_traces/sim/20260607/vcore_r0_t0_c0_d0_v0_asm_vme_4tile_cd8192_bf16_1_measurement.vcd,2026-06-07T14:37:32+00:00
7ec32fc16d2e1ceb,sim,2026-06-07,vme_4tile_cd8192_bf16,,bf16,1,,1,,warmup,vme,500,491,3284,2793,586,,,/home/shay.levy/traces/vcd_traces/sim/20260607/vcore_r0_t0_c0_d0_v0_asm_vme_4tile_cd8192_bf16_1_warmup.vcd,2026-06-07T14:37:32+00:00
fcf1377ad3254ace,sim,2026-06-07,vme_4tile_fp8_bf16,fp8,bf16,1,,1,,measurement,vme,500,473,2924,2451,524,2529,0.969,/home/shay.levy/traces/vcd_traces/sim/20260607/vcore_r0_t0_c0_d0_v0_asm_vme_4tile_fp8_bf16_1_measurement.vcd,2026-06-07T14:37:32+00:00
04b04132b777723a,sim,2026-06-07,vme_4tile_fp8_bf16,fp8,bf16,1,,1,,warmup,vme,500,493,3022,2529,587,,,/home/shay.levy/traces/vcd_traces/sim/20260607/vcore_r0_t0_c0_d0_v0_asm_vme_4tile_fp8_bf16_1_warmup.vcd,2026-06-07T14:37:32+00:00
c25ea5eb08901c97,sim,2026-06-07,vme_4tile_fp8_fp8_e4m3,fp8,fp8,1,,1,,measurement,vme,500,473,2909,2436,509,2436,1.000,/home/shay.levy/traces/vcd_traces/sim/20260607/vcore_r0_t0_c0_d0_v0_asm_vme_4tile_fp8_fp8_e4m3_1_measurement.vcd,2026-06-07T14:37:32+00:00
bddb804dc2b53541,sim,2026-06-07,vme_4tile_fp8_fp8_e4m3,fp8,fp8,1,,1,,warmup,vme,500,473,2909,2436,509,,,/home/shay.levy/traces/vcd_traces/sim/20260607/vcore_r0_t0_c0_d0_v0_asm_vme_4tile_fp8_fp8_e4m3_1_warmup.vcd,2026-06-07T14:37:32+00:00
eeffa931a371ec50,sim,2026-06-07,vme_4tile_large_bf16,,bf16,1,,1,,measurement,vme,500,477,2913,2436,513,2671,0.912,/home/shay.levy/traces/vcd_traces/sim/20260607/vcore_r0_t0_c0_d0_v0_asm_vme_4tile_large_bf16_1_measurement.vcd,2026-06-07T14:37:32+00:00
b034c24d7857ea58,sim,2026-06-07,vme_4tile_large_bf16,,bf16,1,,1,,warmup,vme,500,902,3573,2671,1138,,,/home/shay.levy/traces/vcd_traces/sim/20260607/vcore_r0_t0_c0_d0_v0_asm_vme_4tile_large_bf16_1_warmup.vcd,2026-06-07T14:37:32+00:00
d35126f11dbc96e2,sim,2026-06-07,vme_4tile_xpose_bf16,,bf16,1,,1,,measurement,vme,500,472,2895,2423,508,2573,0.942,/home/shay.levy/traces/vcd_traces/sim/20260607/vcore_r0_t0_c0_d0_v0_asm_vme_4tile_xpose_bf16_1_measurement.vcd,2026-06-07T14:37:32+00:00
dd81e30d92bd1219,sim,2026-06-07,vme_4tile_xpose_bf16,,bf16,1,,1,,warmup,vme,500,493,3066,2573,642,,,/home/shay.levy/traces/vcd_traces/sim/20260607/vcore_r0_t0_c0_d0_v0_asm_vme_4tile_xpose_bf16_1_warmup.vcd,2026-06-07T14:37:32+00:00
ecce7f34231e8ff0,sim,2026-06-07,vme_4wave_bf16,,bf16,1,,1,,measurement,vme,500,473,3070,2597,511,2690,0.965,/home/shay.levy/traces/vcd_traces/sim/20260607/vcore_r0_t0_c0_d0_v0_asm_vme_4wave_bf16_1_measurement.vcd,2026-06-07T14:37:32+00:00
b3c967d6640389c5,sim,2026-06-07,vme_4wave_bf16,,bf16,1,,1,,warmup,vme,500,491,3181,2690,587,,,/home/shay.levy/traces/vcd_traces/sim/20260607/vcore_r0_t0_c0_d0_v0_asm_vme_4wave_bf16_1_warmup.vcd,2026-06-07T14:37:32+00:00
853f483878bec5ca,sim,2026-06-07,vme_64tile_bf16,,bf16,1,,1,,measurement,vme,500,471,32847,32376,507,32469,0.997,/home/shay.levy/traces/vcd_traces/sim/20260607/vcore_r0_t0_c0_d0_v0_asm_vme_64tile_bf16_1_measurement.vcd,2026-06-07T14:37:32+00:00
d35be54d1d4b179f,sim,2026-06-07,vme_64tile_bf16,,bf16,1,,1,,warmup,vme,500,491,32960,32469,585,,,/home/shay.levy/traces/vcd_traces/sim/20260607/vcore_r0_t0_c0_d0_v0_asm_vme_64tile_bf16_1_warmup.vcd,2026-06-07T14:37:32+00:00
932afead7f0b601d,sim,2026-06-07,vme_7tile_bf16,,bf16,1,,1,,measurement,vme,500,472,4405,3933,508,4026,0.977,/home/shay.levy/traces/vcd_traces/sim/20260607/vcore_r0_t0_c0_d0_v0_asm_vme_7tile_bf16_1_measurement.vcd,2026-06-07T14:37:32+00:00
9da390bcc53097b6,sim,2026-06-07,vme_7tile_bf16,,bf16,1,,1,,warmup,vme,500,491,4517,4026,585,,,/home/shay.levy/traces/vcd_traces/sim/20260607/vcore_r0_t0_c0_d0_v0_asm_vme_7tile_bf16_1_warmup.vcd,2026-06-07T14:37:32+00:00
a4fd1e6e2d447406,sim,2026-06-07,vme_7tile_polled_bf16,,bf16,1,,1,,measurement,vme,500,471,4404,3933,507,3936,0.999,/home/shay.levy/traces/vcd_traces/sim/20260607/vcore_r0_t0_c0_d0_v0_asm_vme_7tile_polled_bf16_1_measurement.vcd,2026-06-07T14:37:32+00:00
1ea86c5a743673b9,sim,2026-06-07,vme_7tile_polled_bf16,,bf16,1,,1,,warmup,vme,500,491,4427,3936,530,,,/home/shay.levy/traces/vcd_traces/sim/20260607/vcore_r0_t0_c0_d0_v0_asm_vme_7tile_polled_bf16_1_warmup.vcd,2026-06-07T14:37:32+00:00
e14e79ec74c82236,sim,2026-06-07,vme_8tile_2acc_bf16,,bf16,1,,1,,measurement,vme,500,477,4909,4432,514,4703,0.942,/home/shay.levy/traces/vcd_traces/sim/20260607/vcore_r0_t0_c0_d0_v0_asm_vme_8tile_2acc_bf16_1_measurement.vcd,2026-06-07T14:37:32+00:00
f949c13acbef51a1,sim,2026-06-07,vme_8tile_2acc_bf16,,bf16,1,,1,,warmup,vme,500,902,5605,4703,1143,,,/home/shay.levy/traces/vcd_traces/sim/20260607/vcore_r0_t0_c0_d0_v0_asm_vme_8tile_2acc_bf16_1_warmup.vcd,2026-06-07T14:37:32+00:00
eee12505a3dca2f2,sim,2026-06-07,vme_8tile_bf16,,bf16,1,,1,,measurement,vme,500,473,4905,4432,509,4525,0.979,/home/shay.levy/traces/vcd_traces/sim/20260607/vcore_r0_t0_c0_d0_v0_asm_vme_8tile_bf16_1_measurement.vcd,2026-06-07T14:37:32+00:00
7d8b48e4fa0355b0,sim,2026-06-07,vme_8tile_bf16,,bf16,1,,1,,warmup,vme,500,493,5018,4525,587,,,/home/shay.levy/traces/vcd_traces/sim/20260607/vcore_r0_t0_c0_d0_v0_asm_vme_8tile_bf16_1_warmup.vcd,2026-06-07T14:37:32+00:00
c63c4883a3dcf0fb,sim,2026-06-07,vme_8tile_chained_bf16,,bf16,1,,1,,measurement,vme,500,472,1713,1241,509,1336,0.929,/home/shay.levy/traces/vcd_traces/sim/20260607/vcore_r0_t0_c0_d0_v0_asm_vme_8tile_chained_bf16_1_measurement.vcd,2026-06-07T14:37:32+00:00
dc9476400eecf35c,sim,2026-06-07,vme_8tile_chained_bf16,,bf16,1,,1,,warmup,vme,500,491,1827,1336,588,,,/home/shay.levy/traces/vcd_traces/sim/20260607/vcore_r0_t0_c0_d0_v0_asm_vme_8tile_chained_bf16_1_warmup.vcd,2026-06-07T14:37:32+00:00
a2bee0a3587c4eb6,sim,2026-06-07,vme_8tile_polled_bf16,,bf16,1,,1,,measurement,vme,500,471,4903,4432,507,4435,0.999,/home/shay.levy/traces/vcd_traces/sim/20260607/vcore_r0_t0_c0_d0_v0_asm_vme_8tile_polled_bf16_1_measurement.vcd,2026-06-07T14:37:32+00:00
797ed2c242c40342,sim,2026-06-07,vme_8tile_polled_bf16,,bf16,1,,1,,warmup,vme,500,490,4925,4435,529,,,/home/shay.levy/traces/vcd_traces/sim/20260607/vcore_r0_t0_c0_d0_v0_asm_vme_8tile_polled_bf16_1_warmup.vcd,2026-06-07T14:37:32+00:00
b98ab955a128b341,sim,2026-06-07,vme_back2back_bf16,,bf16,1,,1,,measurement,vme,500,471,1901,1430,507,1524,0.938,/home/shay.levy/traces/vcd_traces/sim/20260607/vcore_r0_t0_c0_d0_v0_asm_vme_back2back_bf16_1_measurement.vcd,2026-06-07T14:37:32+00:00
896c1edeeada5032,sim,2026-06-07,vme_back2back_bf16,,bf16,1,,1,,warmup,vme,500,493,2017,1524,588,,,/home/shay.levy/traces/vcd_traces/sim/20260607/vcore_r0_t0_c0_d0_v0_asm_vme_back2back_bf16_1_warmup.vcd,2026-06-07T14:37:32+00:00
7441bc6896185fad,sim,2026-06-07,vme_mixed_dtype_seq_bf16,,bf16,1,,1,,measurement,vme,500,500,1942,1442,551,1521,0.948,/home/shay.levy/traces/vcd_traces/sim/20260607/vcore_r0_t0_c0_d0_v0_asm_vme_mixed_dtype_seq_bf16_1_measurement.vcd,2026-06-07T14:37:32+00:00
3e2e0c03421a9eb2,sim,2026-06-07,vme_mixed_dtype_seq_bf16,,bf16,1,,1,,warmup,vme,500,520,2041,1521,614,,,/home/shay.levy/traces/vcd_traces/sim/20260607/vcore_r0_t0_c0_d0_v0_asm_vme_mixed_dtype_seq_bf16_1_warmup.vcd,2026-06-07T14:37:32+00:00
746261d4392eab67,sim,2026-06-07,vme_odd_ncd_bf16,,bf16,1,,1,,measurement,vme,500,473,1414,941,522,1020,0.923,/home/shay.levy/traces/vcd_traces/sim/20260607/vcore_r0_t0_c0_d0_v0_asm_vme_odd_ncd_bf16_1_measurement.vcd,2026-06-07T14:37:32+00:00
7fe8eb73f8f3d11b,sim,2026-06-07,vme_odd_ncd_bf16,,bf16,1,,1,,warmup,vme,500,491,1511,1020,583,,,/home/shay.levy/traces/vcd_traces/sim/20260607/vcore_r0_t0_c0_d0_v0_asm_vme_odd_ncd_bf16_1_warmup.vcd,2026-06-07T14:37:32+00:00
b83d288cc08ab8a6,sim,2026-06-07,vme_partial_vcores_bf16,,bf16,1,,1,,measurement,vme,500,473,1416,943,523,1022,0.923,/home/shay.levy/traces/vcd_traces/sim/20260607/vcore_r0_t0_c0_d0_v0_asm_vme_partial_vcores_bf16_1_measurement.vcd,2026-06-07T14:37:32+00:00
9a6f2a8a6b52cb4d,sim,2026-06-07,vme_partial_vcores_bf16,,bf16,1,,1,,warmup,vme,500,491,1513,1022,584,,,/home/shay.levy/traces/vcd_traces/sim/20260607/vcore_r0_t0_c0_d0_v0_asm_vme_partial_vcores_bf16_1_warmup.vcd,2026-06-07T14:37:32+00:00
